,,,,,,
,,,,,,
SKU,Description,RRP inc VAT,RRP ex VAT,"Suggested 
Promo Inc VAT",New Promo Inc vat,Promo Increase Inc Vat
RIDE ON,,,,,,
Stiga ride on Battery swappable,,,,,,
2T0250481/ST1M,Swift 372e - 4 x 5ah included,"짙3,249.00","짙2,707.50","짙2,999.00","짙3,149.00",짙150.00
2T2210481/ST1,Estate 384e (Bare Tool),"짙2,699.00","짙2,249.17","짙2,499.00","짙2,599.00",짙100.00
2T2805481/ST1,Estate 598e (Bare Tool),"짙2,999.00","짙2,499.17","짙2,799.00","짙2,949.00",짙150.00
2T0670481/ST1,Tornado 398e (Bare Tool),"짙2,399.00","짙1,999.17","짙2,199.00","짙2,299.00",짙100.00
2T1275481/ST1,Tornado 5108e (Bare Tool),"짙2,799.00","짙2,332.50","짙2,599.00","짙2,699.00",짙100.00
279000004/ST1,ePower Pro 40Ah Battery,짙899.00,짙749.17,짙799.00,짙849.00,짙50.00
Stiga ride on Battery built in,,,,,,
2T2200481/ST2,Estate 384e,"짙3,999.00","짙3,332.50","짙3,699.00","짙3,849.00",짙150.00
2T2205481/ST2,Estate 584e,"짙4,699.00","짙3,915.83","짙4,299.00","짙4,499.00",짙200.00
2T2800481/ST2,Estate 798e,"짙5,899.00","짙4,915.83","짙5,399.00","짙5,649.00",짙250.00
2T0660481/ST2,Tornado 398e,"짙3,899.00","짙3,249.17","짙3,599.00","짙3,749.00",짙150.00
2T0665481/ST2,Tornado 598e,"짙4,599.00","짙3,832.50","짙4,199.00","짙4,399.00",짙200.00
2T1270481/ST2,Tornado 7108e,"짙5,399.00","짙4,499.17","짙4,999.00","짙5,199.00",짙200.00
Stiga ride on Petrol,,,,,,
2T0070481/ST2,Combi 166,"짙1,939.00","짙1,615.83","짙1,799.00","짙1,899.00",짙100.00
2T0210481/ST2,Combi 372,"짙2,399.00","짙1,999.17","짙2,199.00","짙2,299.00",짙100.00
2T2000481/ST3,Estate 384 M,"짙2,159.00","짙1,799.17","짙1,999.00","짙2,099.00",짙100.00
2T2100481/ST1,Estate 384,"짙2,699.00","짙2,249.17","짙2,499.00","짙2,599.00",짙100.00
2T2620481/ST2,Estate 598,"짙2,999.00","짙2,499.17","짙2,799.00","짙2,899.00",짙100.00
2T2630481/ST2,Estate 598 W,"짙3,249.00","짙2,707.50","짙2,999.00","짙3,099.00",짙100.00
2T0810481/ST1,Estate 798,"짙3,269.00","짙2,724.17","짙2,999.00","짙3,099.00",짙100.00
2T0830481/ST1,Estate 798 W,"짙3,599.00","짙2,999.17","짙3,299.00","짙3,399.00",짙100.00
2T0990481/ST1,Estate 7102 W,"짙4,099.00","짙3,415.83","짙3,799.00","짙3,899.00",짙100.00
2T0970381/ST1,Estate 7102 W Special (Honda),"짙4,699.00","짙3,915.83","짙4,299.00","짙4,399.00",짙100.00
2T1315381/ST1,Estate 9122 W (Honda),"짙5,399.00","짙4,499.17","짙4,999.00","짙5,149.00",짙150.00
2T1430381/ST2,Estate 9102 WX (Honda),"짙7,599.00","짙6,332.50","짙6,999.00","짙7,199.00",짙200.00
2T1535381/ST2,Estate 9122 WX (Honda),"짙8,199.00","짙6,832.50","짙7,499.00","짙7,699.00",짙200.00
2T0510481/ST3,Tornado 398 M,"짙1,949.00","짙1,624.17","짙1,799.00","짙1,899.00",짙100.00
2T0610481/ST1,Tornado 398,"짙2,399.00","짙1,999.17","짙2,199.00","짙2,299.00",짙100.00
2T1215481/ST1,Tornado 5108,"짙2,619.00","짙2,182.50","짙2,399.00","짙2,499.00",짙100.00
2T1220481/ST2,Tornado 5108 W,"짙2,999.00","짙2,499.17","짙2,799.00","짙2,899.00",짙100.00
2T1850481/ST1,Tornado 7108 W,"짙4,299.00","짙3,582.50","짙3,999.00","짙4,099.00",짙100.00
2T1835381/ST1,Tornado 7108 W Special (Honda),"짙4,699.00","짙3,915.83","짙4,299.00","짙4,399.00",짙100.00
2T1950381/ST1,Tornado 9121 W (Honda),"짙5,469.00","짙4,557.50","짙4,999.00","짙5,149.00",짙150.00
Mountfield ride ons,,,,,,
2T0052483/CAS,827M,"짙1,729.00","짙1,440.83","짙1,599.00","짙1,649.00",짙50.00
2T0210483/M22,1328H,"짙2,399.00","짙1,999.17","짙2,199.00","짙2,299.00",짙100.00
2T2010483/M25,1330M,"짙2,159.00","짙1,799.17","짙1,999.00","짙2,099.00",짙100.00
2T2120483/M25,1530H,"짙2,699.00","짙2,249.17","짙2,499.00","짙2,599.00",짙100.00
2T2620483/M25,1538H,"짙2,999.00","짙2,499.17","짙2,799.00","짙2,899.00",짙100.00
2T2630483/M22,1638H,"짙3,249.00","짙2,707.50","짙2,999.00","짙3,099.00",짙100.00
2T0830483/M25,1738H,"짙3,599.00","짙2,999.17","짙3,299.00","짙3,399.00",짙100.00
,,,,,,
2T0980483/M25,2240H,"짙4,099.00","짙3,415.83","짙3,799.00","짙3,899.00",짙100.00
2T0510483/M25,1538M-SD,"짙1,949.00","짙1,624.17","짙1,799.00","짙1,899.00",짙100.00
2T0620483/M25,1538H-SD,"짙2,399.00","짙1,999.17","짙2,199.00","짙2,299.00",짙100.00
2T1210483/M25,1543H-SD,"짙2,619.00","짙2,182.50","짙2,399.00","짙2,499.00",짙100.00
Atco ride ons,,,,,,
2T2110447/AT2,GT 30H,"짙2,699.00","짙2,249.17","짙2,499.00","짙2,599.00",짙100.00
2T2630447/AT2,GT 38H Twin,"짙3,249.00","짙2,707.50","짙2,999.00","짙3,099.00",짙100.00
2T0830447/AT1,GTX 38H Twin,"짙3,599.00","짙2,999.17","짙3,299.00","짙3,399.00",짙100.00
2T1210447/AT2,GT 43HR,"짙2,619.00","짙2,182.50","짙2,399.00","짙2,499.00",짙100.00
GYRO,,,,,,
2F7064705/ST1,Gyro 900e,"짙10,399.00","짙8,665.83","짙8,999.00","짙9,249.00",짙250.00
FRONT MOWERS,,,,,,
2F5820245/ST1,Park 300 LC,"짙3,399.00","짙2,832.50","짙2,999.00","짙3,099.00",짙100.00
2F5820425/ST1,Park 300 RC,"짙3,699.00","짙3,082.50","짙3,299.00","짙3,399.00",짙100.00
2F6120545/ST2,Park 500,"짙3,799.00","짙3,165.83","짙3,299.00","짙3,399.00",짙100.00
2F6120645/ST2,Park 500 W,"짙4,299.00","짙3,582.50","짙3,799.00","짙3,899.00",짙100.00
2F6130645/ST2,Park 500 WX,"짙5,099.00","짙4,249.17","짙4,499.00","짙4,599.00",짙100.00
2F6130535/ST2,Park 500 WX Special (Honda),"짙5,699.00","짙4,749.17","짙4,999.00","짙5,149.00",짙150.00
2F6220845/ST1,Park 700 W,"짙5,799.00","짙4,832.50","짙5,099.00","짙5,249.00",짙150.00
2F6230845/ST1,Park 700 WX,"짙6,999.00","짙5,832.50","짙6,099.00","짙6,249.00",짙150.00
2F6430831/ST2,Park Pro 900 WX,"짙12,199.00","짙10,165.83","짙10,599.00","짙10,899.00",짙300.00
2F6430931/ST2,Park Pro 900 AWX,"짙14,499.00","짙12,082.50","짙12,599.00","짙12,949.00",짙350.00
2D6209521/ST2,Combi 95 Q Plus,"짙1,099.00",짙915.83,짙955.00,짙979.00,짙24.00
2D6210021/ST2,Combi 100 Q Plus,"짙1,379.00","짙1,149.17","짙1,200.00","짙1,249.00",짙49.00
2D6311021/ST2,Combi Pro 110 Q Plus,"짙2,069.00","짙1,724.17","짙1,800.00","짙1,849.00",짙49.00
2D6312521/ST2,Combi Pro 125 Q Plus,"짙2,179.00","짙1,815.83","짙1,900.00","짙1,949.00",짙49.00
VISTA ROBOTS - Ref Free & 10Yr data,,,,,,
2R7114128/UKS,A 6v,"짙1,199.00",짙999.17,짙999.00,,
2R7111028/UKS,A 10v,"짙1,469.00","짙1,224.17","짙1,299.00",,
2R7113028/UKS,A 25v,"짙2,499.00","짙2,082.50","짙2,199.00",,
2R9113028/UKS,A 50v,"짙3,399.00","짙2,832.50","짙2,999.00",,
2R9117028/UKS,A 100v,"짙4,999.00","짙4,165.83","짙4,499.00",,
2R9118028/UKS,A 140v,"짙6,499.00","짙5,415.83","짙5,699.00",,
ROBOTS,,,,,,
2R7101428/UKS,A4 (2+1 Data),"짙1,069.00",짙890.83,짙899.00,,
2R7101528/UKS,A8 (2+1 Data),"짙1,199.00",짙999.17,짙999.00,,
2R7101228/UKS,A 750,"짙1,929.00","짙1,607.50","짙1,699.00",,
2R7102028/UKS,A 1500,"짙2,769.00","짙2,307.50","짙2,399.00",,
2R9102028/UKS,A 3000,"짙3,699.00","짙3,082.50","짙3,199.00",,
2R9106028/UKS,A 5000,"짙4,599.00","짙3,832.50","짙3,999.00",,
2R9106128/UKS,A 7500,"짙5,299.00","짙4,415.83","짙4,599.00",,
2R9106228/UKS,A 10000,"짙6,199.00","짙5,165.83","짙5,399.00",,
26-2911-11,Cable layer machine,"짙3,299.00","짙2,749.17","짙2,899.00",,
WALKBEHIND,,,,,,
Stiga Walkbehind Battery,,,,,,
291302168/UKS,Collector 132e Kit,짙179.00,짙149.17,짙159.00,짙165.00,짙6.00
291342168/UKS,Collector 136e Kit,짙219.00,짙182.50,짙195.00,짙199.00,짙4.00
,,,,,,
,,,,,,
291382168/UKS,Collector 140e Kit,짙269.00,짙224.17,짙239.00,짙245.00,짙6.00
294346068/UKS,Combi 336e Kit,짙289.00,짙240.83,짙259.00,짙265.00,짙6.00
294386068/UKS,Combi 340e Kit,짙359.00,짙299.17,짙319.00,짙325.00,짙6.00
294426068/UKS,Combi 344e Kit,짙399.00,짙332.50,짙349.00,짙359.00,짙10.00
2L0482008/UKS,Collector 48 S AE Kit,짙445.00,짙370.83,짙399.00,짙409.00,짙10.00
2L0487978/ST1,Combi 748e V Kit,짙689.00,짙574.17,짙599.00,짙619.00,짙20.00
2L0537978/UKS,Combi 753e V Kit,짙853.00,짙710.83,짙749.00,짙769.00,짙20.00
298473278/ST1,Multiclip 747e V Kit,짙769.00,짙640.83,짙669.00,짙689.00,짙20.00
294513998/UKS,Twinclip 950e V Kit,"짙1,099.00",짙915.83,짙969.00,짙999.00,짙30.00
294519198/ST1,Twinclip 950e VR Kit,"짙1,129.00",짙940.83,짙999.00,"짙1,029.00",짙30.00
Stiga Walkbehind Petrol,,,,,,
2L0431048/ST1,Collector 43,짙259.00,짙215.83,짙229.00,짙239.00,짙10.00
2L0482348/ST1,Combi 548 S,짙339.00,짙282.50,짙299.00,짙309.00,짙10.00
294556838/ST1,Combi 55 SQ H,짙619.00,짙515.83,짙539.00,짙559.00,짙20.00
2L0486848/ST2,Combi 748 S,짙459.00,짙382.50,짙399.00,짙409.00,짙10.00
2L0486548/ST2,Combi 748 SE,짙499.00,짙415.83,짙439.00,짙449.00,짙10.00
2L0487838/ST2,Combi 748 V,짙559.00,짙465.83,짙489.00,짙499.00,짙10.00
2L0536848/ST2,Combi 753 S,짙499.00,짙415.83,짙429.00,짙439.00,짙10.00
2L0536548/ST2,Combi 753 SE,짙539.00,짙449.17,짙469.00,짙479.00,짙10.00
2L0537838/ST2,Combi 753 V,짙609.00,짙507.50,짙529.00,짙539.00,짙10.00
298472048/ST1,Multiclip 47 S,짙339.00,짙282.50,짙299.00,짙309.00,짙10.00
291502048/ST2,Multiclip 750 S,짙689.00,짙574.17,짙599.00,짙619.00,짙20.00
294512048/ST1,Twinclip 950 S,짙689.00,짙574.17,짙599.00,짙619.00,짙20.00
294513048/ST1,Twinclip 950 V,짙835.00,짙695.83,짙719.00,짙739.00,짙20.00
294563838/ST1,Twinclip 955 V,짙859.00,짙715.83,짙739.00,짙759.00,짙20.00
294569048/ST1,Twinclip 955 VR,짙999.00,짙832.50,짙899.00,짙919.00,짙20.00
Mountfield Walkbehind Battery & 230v,,,,,,
294340063/M21,Princess 34,짙189.00,짙157.50,짙169.00,짙175.00,짙6.00
294380063/M21,Princess 38,짙219.00,짙182.50,짙199.00,짙205.00,짙6.00
291302063/M21,Electress 30 Li Kit,짙179.00,짙149.17,짙159.00,짙165.00,짙6.00
291342063/M26,Electress 34 Li Kit,짙199.00,짙165.83,짙179.00,짙185.00,짙6.00
291382063/M21,Electress 38 Li Kit,짙269.00,짙224.17,짙239.00,짙245.00,짙6.00
294346063/M21,Princess 34 Li Kit,짙289.00,짙240.83,짙259.00,짙265.00,짙6.00
294386063/M21,Princess 38 Li Kit,짙369.00,짙307.50,짙329.00,짙339.00,짙10.00
2L0482008/M24,SP185 Li Kit,짙455.00,짙379.17,짙399.00,짙409.00,짙10.00
299439073/M22,Empress 41 Roller Li Kit,짙629.00,짙524.17,짙559.00,짙575.00,짙16.00
299489073/M22,Empress 46 Roller Li Kit,짙729.00,짙607.50,짙649.00,짙665.00,짙16.00
Mountfield Walkbehind Petrol,,,,,,
297411043/M21,HP41,짙219.00,짙182.50,짙189.00,짙195.00,짙6.00
297412043/M21,SP41,짙249.00,짙207.50,짙219.00,짙225.00,짙6.00
2L0431048/M19,HP42,짙259.00,짙215.83,짙229.00,짙235.00,짙6.00
2L0432048/M19,SP42,짙309.00,짙257.50,짙269.00,짙275.00,짙6.00
2L0482048/M21,SP46,짙339.00,짙282.50,짙299.00,짙305.00,짙6.00
2L0536048/M21,SP53,짙399.00,짙332.50,짙349.00,짙359.00,짙10.00
2L0486038/M19,SP46 Elite,짙439.00,짙365.83,짙379.00,짙389.00,짙10.00
2L0536038/M21,SP53 Elite,짙499.00,짙415.83,짙429.00,짙439.00,짙10.00
294556043/M22,HW531 PD,짙539.00,짙449.17,짙469.00,짙479.00,짙10.00
,,,,,,
,,,,,,
294563033/M22,SP555 V,짙729.00,짙607.50,짙649.00,짙669.00,짙20.00
299439043/M19,S421R PD,짙399.00,짙332.50,짙349.00,짙359.00,짙10.00
299489043/M19,S461R PD,짙519.00,짙432.50,짙449.00,짙459.00,짙10.00
294519043/M22,SP505R V,짙945.00,짙787.50,짙819.00,짙839.00,짙20.00
294569033/M22,SP555 R V,"짙1,085.00",짙904.17,짙939.00,짙969.00,짙30.00
Atco Walkbehind Battery,,,,,,
299439077/AT1,LINER 16S Li Kit,짙629.00,짙524.17,짙559.00,짙575.00,짙16.00
299489077/AT1,LINER 18S Li Kit,짙729.00,짙607.50,짙649.00,짙665.00,짙16.00
Atco Walkbehind Petrol,,,,,,
299439047/AT1,LINER 16S,짙399.00,짙332.50,짙349.00,짙359.00,짙10.00
299489037/AT9,LINER 18SH,짙569.00,짙474.17,짙499.00,짙509.00,짙10.00
294519037/AT1,LINER 19 SH V,짙945.00,짙787.50,짙819.00,짙839.00,짙20.00
294569037/AT20,LINER 22 SH V,"짙1,085.00",짙904.17,짙939.00,짙959.00,짙20.00
2L0432847/AT1,QUATTRO 16S 4 in 1,짙379.00,짙315.83,짙329.00,짙339.00,짙10.00
294502837/AT9,QUATTRO 19SH 4 in 1,짙499.00,짙415.83,짙429.00,짙499.00,짙70.00
294513837/AT9,QUATTRO 19SH V 4 in 1,짙779.00,짙649.17,짙679.00,짙749.00,짙70.00
294563837/AT1,QUATTRO 22SH V 4 in 1,짙849.00,짙707.50,짙729.00,짙749.00,짙20.00
HANDHELD,,,,,,
STIGA HANDHELD - 100 series 20v,,,,,,
271504218/UKS,BL 100e Kit,짙99.00,짙82.50,짙89.00,짙95.00,짙6.00
271504298/UKS,VS 100e Kit,짙219.00,짙182.50,짙189.00,짙195.00,짙6.00
271102218/UKS,GT 100e Kit,짙99.00,짙82.50,짙89.00,짙95.00,짙6.00
271404201/UKS,CS 100e Kit,짙189.00,짙157.50,짙169.00,짙175.00,짙6.00
271302218/UKS,HT 100e Kit,짙99.00,짙82.50,짙89.00,짙95.00,짙6.00
257022001/UKS,SC 100e Kit (MIN QTY 4),짙149.00,짙124.17,짙129.00,짙135.00,짙6.00
271724218/UKS,MT 100e Kit,짙210.00,짙175.00,짙189.00,짙195.00,짙6.00
271432101/ST1,PR 100e Kit,짙149.00,짙124.17,짙129.00,짙135.00,짙6.00
257122001/ST1,SP 100e Kit Dual set,짙229.00,짙190.83,짙199.00,짙205.00,짙6.00
271090021/ST1,Extension Pole for PR 100e,짙79.00,짙65.83,짙69.00,짙75.00,짙6.00
STIGA HANDHELD - 300 series 2x20v,,,,,,
273504501/ST1,BL 300e Kit,짙189.00,짙157.50,짙169.00,짙175.00,짙6.00
273102501/ST1,GT 300e Kit,짙189.00,짙157.50,짙169.00,짙175.00,짙6.00
273404501/ST1,CS 300e Kit,짙229.00,짙190.83,짙199.00,짙205.00,짙6.00
273302501/ST1,HT 300e Kit,짙189.00,짙157.50,짙169.00,짙175.00,짙6.00
STIGA HANDHELD - 500 & 700 series 48v,,,,,,짙0.00
278502208/UKS,BL 500e Kit,짙229.00,짙190.83,짙199.00,짙205.00,짙6.00
278102208/UKS,GT 500e Kit,짙219.00,짙182.50,짙189.00,짙195.00,짙6.00
278302208/UKS,HT 500e Kit,짙229.00,짙190.83,짙199.00,짙205.00,짙6.00
278722208/UKS,MT 500e Kit,짙299.00,짙249.17,짙259.00,짙265.00,짙6.00
PROMO_BC700EKIT_U,BC 700e Kit,짙359.00,짙299.17,짙319.00,짙325.00,짙6.00
PROMO_BC700EBKIT_U,BC 700e B Kit,짙399.00,짙332.50,짙349.00,짙359.00,짙10.00
PROMO_CS700EKIT_U,CS 700e Kit,짙339.00,짙282.50,짙299.00,짙309.00,짙10.00
"Batteries, Chargers & Accessories 20 Volt",,,,,,
271012008/ST1,E 22,짙43.00,짙35.83,짙39.00,짙40.00,짙1.00
271014008/ST1,E 24,짙65.00,짙54.17,짙59.00,짙60.00,짙1.00
271021000/21,C 215,짙35.00,짙29.17,짙35.00,짙36.00,짙1.00
271021100/21,C 215 DU,짙45.00,짙37.50,짙45.00,짙46.00,짙1.00
,,,,,,
,,,,,,
"Batteries, Chargers & Accessories 48 Volt",,,,,,
274012004/ST1,E 420,짙109.00,짙90.83,짙99.00,짙105.00,짙6.00
274014004/ST1,E 440,짙142.00,짙118.33,짙129.00,짙135.00,짙6.00
,E 450,짙179.00,짙149.17,짙159.00,짙165.00,짙6.00
274017004/ST1,E 475,짙259.00,짙215.83,짙229.00,짙235.00,짙6.00
277040008/ST1,BB 700e,짙119.00,짙99.17,짙109.00,짙115.00,짙6.00
277010008/ST1,E 400 S,짙35.00,,짙35.00,짙35.00,짙0.00
274031004/ST1,C 430 FU,짙50.00,짙41.67,짙45.00,짙45.00,짙0.00
STIGA HANDHELD - Petrol,,,,,,
Grass trimmer & Brush cutters,,,,,,
287110102/ST2,GT 330 A,짙149.00,짙124.17,짙129.00,짙135.00,짙6.00
287120102/ST2,BC 330 A,짙159.00,짙132.50,짙139.00,짙145.00,짙6.00
287121102/ST2,BC 330 AB,짙179.00,짙149.17,짙159.00,짙165.00,짙6.00
287220002/ST1,BC 535,짙195.00,짙162.50,짙169.00,짙175.00,짙6.00
287221002/ST1,BC 535 B,짙239.00,짙199.17,짙209.00,짙215.00,짙6.00
287320002/ST1,BC 545,짙259.00,짙215.83,짙229.00,짙235.00,짙6.00
287321002/ST1,BC 545 B,짙279.00,짙232.50,짙249.00,짙255.00,짙6.00
283220008/ST1,BC 730,짙239.00,짙199.17,짙209.00,짙215.00,짙6.00
283221008/ST1,BC 730 B,짙259.00,짙215.83,짙229.00,짙235.00,짙6.00
283320008/ST2,BC 740,짙339.00,짙282.50,짙299.00,짙305.00,짙6.00
283321008/ST2,BC 740 B,짙369.00,짙307.50,짙319.00,짙325.00,짙6.00
283420008/ST2,BC 750,짙399.00,짙332.50,짙349.00,짙359.00,짙10.00
283424008/ST3,BC 750 B,짙439.00,짙365.83,짙379.00,짙389.00,짙10.00
283524008/ST3,BC 760 B,짙599.00,짙499.17,짙519.00,짙530.00,짙11.00
Honda Engine Brushcutters,,,,,,
281210003/21,TR 425 HJ,짙337.57,짙281.31,짙299.00,짙305.00,짙6.00
281220003/21,BC 425 HJ,짙365.78,짙304.82,짙319.00,짙325.00,짙6.00
281221003/21,BC 425 HD,짙403.39,짙336.16,짙359.00,짙365.00,짙6.00
281320003/21,BC 435 H,짙469.21,짙391.00,짙409.00,짙419.00,짙10.00
281321003/21,BC 435 HD,짙525.62,짙438.02,짙459.00,짙470.00,짙11.00
281520003/21,BC 450 H,짙563.24,짙469.37,짙499.00,짙509.00,짙10.00
281521003/21,BC 450 HD,짙591.45,짙492.88,짙519.00,짙529.00,짙10.00
Chainsaws,,,,,,
240271002/ST2,"PR 730 (10"")",짙229.00,짙190.83,짙199.00,짙205.00,짙6.00
240271012/ST2,"PR 730 C (10"")",짙229.00,짙190.83,짙199.00,짙205.00,짙6.00
240381402/ST1,"CS 540 (14"")",짙159.00,짙132.50,짙149.00,짙155.00,짙6.00
240421602/ST1,"CS 545 (16"")",짙199.00,짙165.83,짙179.00,짙185.00,짙6.00
240461802/ST1,"CS 750 (18"")",짙299.00,짙249.17,짙259.00,짙265.00,짙6.00
240521802/ST1,"CS 755 (18"")",짙339.00,짙282.50,짙299.00,짙305.00,짙6.00
Blowers & Vacs,,,,,,
255127092/ST2,BL 530,짙189.00,짙157.50,짙169.00,짙175.00,짙6.00
255127002/ST1,BL 530 V,짙229.00,짙190.83,짙199.00,짙205.00,짙6.00
255175102/ST1,BL 980 R,짙459.00,짙382.50,짙399.00,짙409.00,짙10.00
Hedgetrimmers & Multitool,,,,,,
252421008/ST2,HT 525,짙189.00,짙157.50,짙169.00,짙175.00,짙6.00
252422008/ST2,HT 725,짙299.95,짙249.96,짙269.00,짙275.00,짙6.00
287130152/ST2,MT 330 - 5 in 1,짙339.00,짙282.50,짙299.00,짙305.00,짙6.00
,,,,,,
,,,,,,
232511610/16,EXTENSION SHAFT,짙33.00,짙27.50,짙29.00,짙30.00,짙1.00
232511710/15,HEDGE TRIMMER ATTACHMENT,짙89.00,짙74.17,짙79.00,짙80.00,짙1.00
232511810/15,PRUNER SAW ATTACHMENT,짙79.00,짙65.83,짙69.00,짙70.00,짙1.00
Mountfield 20v Handheld,,,,,,
271504203/MUK,MAB 20 Li Kit,짙99.00,짙82.50,짙89.00,짙95.00,짙6.00
271504293/MUK,MVS 20 Li Kit,짙210.00,짙175.00,짙189.00,짙195.00,짙6.00
271102203/MUK,MTR 20 Li Kit,짙99.00,짙82.50,짙89.00,짙95.00,짙6.00
271302203/MUK,MHT 20 Li Kit,짙99.00,짙82.50,짙89.00,짙95.00,짙6.00
271724203/MUK,MMT 20 Li Kit,짙210.00,짙175.00,짙189.00,짙195.00,짙6.00
Mountfield Handheld - Petrol,,,,,,
252421003/M21,MHT 2322,짙189.00,짙157.50,짙169.00,짙175.00,짙6.00
255127003/M17,MBL 270 V,짙219.00,짙182.50,짙199.00,짙205.00,짙6.00
287120123/M16,MMT 2603 (3 in 1),짙279.00,짙232.50,짙249.00,짙255.00,짙6.00
287120153/M16,MMT 2605 (5 in 1),짙329.00,짙274.17,짙299.00,짙305.00,짙6.00
CLEANING,,,,,,
Pressure washers,,,,,,
2C1351811/UKS,HPS 235 R,짙169.00,짙140.83,짙149.00,짙155.00,짙6.00
2C1452113/UKS,HPS 345 R,짙289.00,짙240.83,짙249.00,짙255.00,짙6.00
2C1502504/UKS,HPS 550 R,짙459.00,짙382.50,짙399.00,짙409.00,짙10.00
2C1502804/UKS,HPS 650 RG,짙559.00,짙465.83,짙499.00,짙509.00,짙10.00
Sweepers,,,,,,
2W0755011/ST1,SWP 475,짙429.00,짙357.50,짙379.00,짙389.00,짙10.00
2W0775012/ST1,SWP 577,짙529.00,짙440.83,짙459.00,짙469.00,짙10.00
219602532/S17,SWS 600 G,짙919.00,짙765.83,짙799.00,짙819.00,짙20.00
290602020/16,COLLECTING BOX FOR SWEEPER 600,짙99.00,짙82.50,짙89.00,짙95.00,짙6.00
290602030/16,FRONT BLADE FOR SWEEPER 600,짙99.00,짙82.50,짙89.00,짙95.00,짙6.00
219802532/S17,SWS 800 G,"짙1,029.00",짙857.50,짙899.00,짙925.00,짙26.00
290802020/16,COLLECTING BOX FOR SWEEPER 800,짙120.00,짙100.00,짙109.00,짙115.00,짙6.00
290802030/16,FRONT BLADE FOR SWEEPER 800,짙120.00,짙100.00,짙109.00,짙115.00,짙6.00
Snow Throwers,,,,,,
2S2726611/ST1,ST 6272 P TRAC,"짙2,799.00","짙2,332.50","짙2,499.00","짙2,565.00",짙66.00
2S2767615/ST1,ST 976 T,"짙4,499.00","짙3,749.17","짙3,999.00","짙4,099.00",짙100.00
"Scarifiers, Tillers & Silex",,,,,,
211360043/M20,MANOR COMPACT 36 V,짙299.00,짙249.17,짙259.00,짙269.00,짙10.00
211400248/ST1,SVP 40 G,짙559.00,짙465.83,짙499.00,짙509.00,짙10.00
211360042/ST1,SRC 36 V,짙299.00,짙249.17,짙259.00,짙269.00,짙10.00
212751142/14,SRC 775 RG,짙599.00,짙499.17,짙539.00,짙559.00,짙20.00
213851142/ST1,SRC 685 RG,짙629.00,짙524.17,짙579.00,짙599.00,짙20.00
210870042/ST2,STIGA SILEX 87 G,짙899.00,짙749.17,짙799.00,짙819.00,짙20.00
219510032/10,STIGA Silex 95 H,짙999.00,짙832.50,짙899.00,짙919.00,짙20.00
210310022/10,Silex 103 B,"짙1,199.00",짙999.17,"짙1,099.00","짙1,129.00",짙30.00
290950050/10,Snow blade,짙299.00,짙249.17,짙269.00,짙279.00,짙10.00
290950020/10,Rear mount rotovator,짙369.00,짙307.50,짙319.00,짙329.00,짙10.00
290950010/10,Grassland mower,짙369.00,짙307.50,짙329.00,짙339.00,짙10.00
290950030/10,Double blade bar,짙399.00,짙332.50,짙349.00,짙359.00,짙10.00
290950070/10,Front brush,짙689.00,짙574.17,짙599.00,짙619.00,짙20.00
290950040/10,Adj brush with collector,짙899.00,짙749.17,짙799.00,짙819.00,짙20.00