product_id,product_title,all_variant_skus,matched_andrew_skus,contributing_skus,tags_before,action,error
gid://shopify/Product/8321692631207,Stiga E440 48v/4Ah ePower Lithium-Ion Battery 274014004/ST1,274014004/ST1,,274014004/ST1,Spring Sale,would_untag,
gid://shopify/Product/8320807174311,Mountfield Princess 38 Li KIT 48v Cordless 4-Wheel Rear-Roller Lawnmower (Inc. Battery & Charger),294386063/M26,,294386063/M26,"Battery-Powered Cordless Lawnmowers, Cordless Garden Machines & Power Tools, Cordless Lawnmowers, Mountfield, Mountfield Battery Powered Lawnmowers, Mountfield Cordless Battery Lawnmowers, Mountfield Freedom 48 Cordless Garden System, Spring Sale",would_untag,
gid://shopify/Product/8321328152743,Mountfield SP46 Elite 3-in-1 Self-Propelled Petrol Lawnmower (with Honda Engine),2L0486038/M19,,2L0486038/M19,"Lawnmowers Powered by Honda, Mountfield, Mountfield Petrol Lawnmowers, Mountfield Self-Propelled Lawn Mowers, Self-Propelled 4-Wheel Petrol Lawnmower Deals, Spring Sale",would_untag,
gid://shopify/Product/8321662681255,Mountfield SP53 Self-Propelled 3-in-1 Petrol Lawnmower,2L0536048/M21,,2L0536048/M21,"Mountfield Self-Propelled Lawn Mowers, Self-Propelled 4-Wheel Petrol Lawnmower Deals, Spring Sale",would_untag,
gid://shopify/Product/8321122861223,Stiga Tornado 9121 W Side-Discharge V-Twin Garden Tractor with Hydrostatic Drive,2T1950381/ST1,2T1950381/ST1,2T1950381/ST1,"Best Garden Tractor Deals, Best Mulching Garden Tractors, Garden Tractor Deals, Spring Sale, Stiga Garden Tractors, Stiga Lawn & Garden Tractors",keep_tagged,
gid://shopify/Product/8321730379943,Atco Liner 16S Li KIT 48v Cordless Self-Propelled Roller Lawnmower (Inc. Batteries & Charger),AT-299439077/AT1,,AT-299439077/AT1,"Atco, Battery-Powered Cordless Lawnmowers, Best Cordless Battery Lawnmower Deals, Spring Sale",would_untag,
gid://shopify/Product/8321730478247,Atco Liner 18S Li KIT 48v Cordless Self-Propelled Roller Lawnmower (Inc. Batteries & Charger),AT-299489077/AT1,,AT-299489077/AT1,"Atco, Battery-Powered Cordless Lawnmowers, Best Cordless Battery Lawnmower Deals, Spring Sale",would_untag,
gid://shopify/Product/8321732018343,Atco GT 30H Rear-Collect Lawn Tractor with Hydrostatic Drive,AT-2T2110447/AT2,AT-2T2110447/AT2,AT-2T2110447/AT2,"Atco, Best Rear Collect Lawn Tractors, Garden Machinery For Next Day Delivery, Lawn Tractor Deals, Lawn Tractors, Spring Sale",keep_tagged,
gid://shopify/Product/15619996778869,**SHOP SOILED** Atco GT 30H Rear-Collect Lawn Tractor with Hydrostatic Drive,AT-2T2110447/AT2,AT-2T2110447/AT2,AT-2T2110447/AT2,"Atco, Best Rear Collect Lawn Tractors, Garden Machinery For Next Day Delivery, Lawn Tractor Deals, Lawn Tractors, Spring Sale",keep_tagged,
gid://shopify/Product/8321732247719,Atco GT 38H Rear-Collect V-Twin Garden Tractor with Hydrostatic Drive,AT-2T2630447/AT2,AT-2T2630447/AT2,AT-2T2630447/AT2,"Atco, Best Garden Tractor Deals, Best Rear Collect Garden Tractors, Garden Machinery For Next Day Delivery, Garden Tractor Deals, Garden Tractors, Spring Sale, Winter Sale",keep_tagged,
gid://shopify/Product/8321736147111,Atco Liner 19SH V Variable-Speed Petrol Rear-Roller Lawnmower (Honda Engine),C-294519037/AT1,,C-294519037/AT1,"Atco, Best Petrol Lawmower Deals, Garden Machinery For Next Day Delivery, Petrol Rear-Roller Rotary Lawnmowers, Petrol Roller Lawnmower Deals, Spring Sale, Twinclip Roller Range",would_untag,
gid://shopify/Product/8321736048807,Atco Liner 22SH V Variable-Speed Petrol Rear-Roller Lawnmower (Honda Engine),C-294569037/AT1,,C-294569037/AT1,"Atco, Best Petrol Lawmower Deals, Best Self Propelled Rear Roller Petrol Lawnmowers, Best Variable Speed Rear Roller Petrol Lawnmowers, Garden Machinery For Next Day Delivery, Petrol Rear-Roller Rotary Lawnmowers, Petrol Roller Lawnmower Deals, Spring Sale",would_untag,
gid://shopify/Product/14978351923573,Atco Liner 16S Self-Propelled Petrol Rear-Roller Lawnmower,C-299439047/AT1,,C-299439047/AT1,"Atco, Best Push Rear Roller Petrol Lawnmowers, Lawn Mowers, Petrol Rear-Roller Rotary Lawnmowers, Petrol Roller Lawnmower Deals, Spring Sale",would_untag,
gid://shopify/Product/15084256362869,Atco Liner 18SH Self-Propelled Petrol Rear-Roller Lawnmower,C-299489037/AT9,,C-299489037/AT9,Spring Sale,would_untag,
gid://shopify/Product/8321563066535,Stiga Estate 598 W Rear-Collect V-Twin Garden Tractor with Hydrostatic Drive,C-2T2630481/ST2,,C-2T2630481/ST2,"Best Garden Tractor Deals, Best Mulching Garden Tractors, Garden Tractor Deals, Spring Sale, Stiga Garden Tractors, Stiga Lawn & Garden Tractors",would_untag,
gid://shopify/Product/8321665630375,Mountfield C 215 DU 20v Freedom 100 Dual Standard Charger,MF-271021100/21,,MF-271021100/21,Spring Sale,would_untag,
gid://shopify/Product/8321631256743,Mountfield MTR 20 Li KIT 20v Cordless Grass-Trimmer (Inc. Battery & Charger),MF-271102203/MUK,,MF-271102203/MUK,"Cordless Garden Machines & Power Tools, Cordless Handheld Garden Machines, Mountfield Cordless Brushcutters & Grass-Trimmers, Mountfield Grass Trimmers & Brushcutters, Spring Sale",would_untag,
gid://shopify/Product/8321630109863,Mountfield MHT 20 Li KIT 20v Cordless Hedgetrimmer (Inc. Battery & Charger),MF-271302203/MUK,,MF-271302203/MUK,"Battery-Powered Cordless Hedgetrimmers, Cordless Garden Machines & Accessories, Cordless Garden Machines & Power Tools, Cordless Handheld Garden Machines, Mountfield Hedgetrimmers, Spring Sale, Winter Garden Care",would_untag,
gid://shopify/Product/8321629749415,Mountfield MAB 20 Li Cordless Leaf-Blower,MF-271504203/MUK,,MF-271504203/MUK,"Blower & Vacs | MowDirect Black Friday Garden Deals, Cordless Garden Machines & Accessories, Cordless Garden Machines & Power Tools, Cordless Handheld Garden Machines, Hand Held Garden Blower-Vac Deals, Mountfield Hand-Held Blower-Vacs, Spring Sale, Winter Garden Care",would_untag,
gid://shopify/Product/8321631027367,"Mountfield MMT 20 Li KIT 20v Cordless Multi-Tool (Inc, Battery & Charger)",MF-271724203/MUK,,MF-271724203/MUK,"Battery-Powered Cordless Hedgetrimmers, Cordless Battery Chainsaws, Cordless Garden Machines & Power Tools, Cordless Handheld Garden Machines, Garden Multi-Tool Sets, Long-Reach Hedgecutters & Hedgetrimmers, Mountfield Chainsaws & Pole Pruners, Mountfield Hedgetrimmers, Spring Sale, Tree Pruners",would_untag,
gid://shopify/Product/8321626603687,Mountfield B440 48v/4Ah Freedom 500 Lithium-Ion Battery,MF-274014004/ST1,,MF-274014004/ST1,Spring Sale,would_untag,
gid://shopify/Product/8321734049959,Mountfield TR 425 HJ 4-Stroke Curved-Shaft Petrol Grass-Trimmer (Honda Engine),MF-281210003/21,,MF-281210003/21,"Mountfield Brushcutters & Line Trimmers, Mountfield Grass Trimmers & Brushcutters, Petrol Brushcutter Deals, Spring Sale",would_untag,
gid://shopify/Product/8321732739239,Mountfield BC 425 HJ 4-Stroke Petrol Brushcutter (Honda Engine),MF-281220003/21,,MF-281220003/21,"Best Loop & Bar Handle Petrol Brushcutters & Line Trimmers, Mountfield Brushcutters & Line Trimmers, Mountfield Grass Trimmers & Brushcutters, Petrol Brushcutter Deals, Spring Sale",would_untag,
gid://shopify/Product/8321733230759,Mountfield BC 425 HD 4-Stroke Petrol Brushcutter (Honda Engine),MF-281221003/21,,MF-281221003/21,"Best Loop & Bar Handle Petrol Brushcutters & Line Trimmers, Mountfield Brushcutters & Line Trimmers, Mountfield Grass Trimmers & Brushcutters, Petrol Brushcutter Deals, Spring Sale",would_untag,
gid://shopify/Product/8321733525671,Mountfield BC 435 H 4-Stroke Petrol Brushcutter (Honda Engine),MF-281320003/21,,MF-281320003/21,"Best Loop & Bar Handle Petrol Brushcutters & Line Trimmers, Mountfield Brushcutters & Line Trimmers, Mountfield Grass Trimmers & Brushcutters, Petrol Brushcutter Deals, Spring Sale",would_untag,
gid://shopify/Product/8321733329063,Mountfield BC 435 HD 4-Stroke Petrol Brushcutter (Honda Engine),MF-281321003/21,,MF-281321003/21,"Best Loop & Bar Handle Petrol Brushcutters & Line Trimmers, Mountfield Brushcutters & Line Trimmers, Mountfield Grass Trimmers & Brushcutters, Petrol Brushcutter Deals, Spring Sale",would_untag,
gid://shopify/Product/8321733656743,Mountfield BC 450 H 4-Stroke Petrol Brushcutter (Honda Engine),MF-281520003/21,,MF-281520003/21,"Best Loop & Bar Handle Petrol Brushcutters & Line Trimmers, Mountfield Brushcutters & Line Trimmers, Mountfield Grass Trimmers & Brushcutters, Petrol Brushcutter Deals, Spring Sale",would_untag,
gid://shopify/Product/8321733951655,Mountfield BC 450 HD 4-Stroke Petrol Brushcutter (Honda Engine),MF-281521003/21,,MF-281521003/21,"Best Loop & Bar Handle Petrol Brushcutters & Line Trimmers, Mountfield Brushcutters & Line Trimmers, Mountfield Grass Trimmers & Brushcutters, Petrol Brushcutter Deals, Spring Sale",would_untag,
gid://shopify/Product/8321059455143,Mountfield MMT 2605 5-in-1 Petrol Multi-Tool,MF-287120153/M16,,MF-287120153/M16,"Garden Multi-Tool Sets, Mountfield Brushcutters & Line Trimmers, Mountfield Petrol Multi-Tool Set, Spring Sale",would_untag,
gid://shopify/Product/8321625915559,Mountfield Electress 30 Li 20v Hand-Propelled Cordless Lawnmower (Inc. Battery & Charger),MF-291302063/M21,,MF-291302063/M21,"Battery-Powered Cordless Lawnmowers, Cordless Garden Machines & Power Tools, Cordless Lawnmowers, Mountfield, Mountfield Cordless Battery Lawnmowers, Mountfield Lawnmowers, Spring Sale",would_untag,
gid://shopify/Product/8321626046631,Mountfield Electress 34 Li KIT 20v Hand-Propelled Cordless Lawnmower (Inc. Batteries & Charger),MF-291342063/M21,,MF-291342063/M21,"Battery-Powered Cordless Lawnmowers, Cordless Garden Machines & Power Tools, Cordless Lawnmowers, Mountfield, Mountfield Cordless Battery Lawnmowers, Mountfield Lawnmowers, Spring Sale",would_untag,
gid://shopify/Product/8321626243239,Mountfield Electress 38 Li KIT 20v Hand-Propelled Cordless Lawnmower (Inc. Batteries & Charger),MF-291382063/M21,,MF-291382063/M21,"Battery-Powered Cordless Lawnmowers, Cordless Garden Machines & Power Tools, Cordless Lawnmowers, Mountfield, Mountfield Cordless Battery Lawnmowers, Mountfield Lawnmowers, Spring Sale",would_untag,
gid://shopify/Product/8321625784487,Mountfield Empress 46 Li KIT 4-in-1 Self-Propelled Cordless Lawnmower (Inc. 2 x Batteries & Charger),MF-299489073/M22,,MF-299489073/M22,"Battery-Powered Cordless Lawnmowers, Cordless Garden Machines & Power Tools, Cordless Lawnmowers, Mountfield, Mountfield Cordless Battery Lawnmowers, Mountfield Lawnmowers, Spring Sale",would_untag,
gid://shopify/Product/14873206882677,Mountfield 1328H Compact Rear-Collect Ride-On Mower with Hydrostatic Drive,MF-2T0210483/M22,MF-2T0210483/M22,MF-2T0210483/M22,"Black Friday, Black Friday 2019, Mountfield Rear Engine Riders, Mountfield Ride On Mowers, Mountfield Ride-On Mowers & Lawn Tractors, Ride On Mowers and Garden Tractors, Ride-on Mower Deals, Spring Sale",keep_tagged,
gid://shopify/Product/14873206980981,Mountfield 1538M-SD Side-Discharge Lawn Tractor with Manual Drive,MF-2T0510483/M25,,MF-2T0510483/M25,"Lawn Tractor Deals, Mountfield Lawn Tractors, Mountfield Ride-On Mowers, Mountfield Ride-On Mowers & Lawn Tractors, Spring Sale",would_untag,
gid://shopify/Product/14873207112053,Mountfield 1538H-SD Side-Discharge Lawn Tractor with Hydrostatic Drive,MF-2T0620483/M25,,MF-2T0620483/M25,"Lawn Tractor Deals, Mountfield Lawn Tractors, Mountfield Ride-On Mowers, Mountfield Ride-On Mowers & Lawn Tractors, Spring Sale",would_untag,
gid://shopify/Product/14873207275893,Mountfield 1738H Rear-Collect V-Twin Garden Tractor with Hydrostatic Drive,MF-2T0830483/M25,,MF-2T0830483/M25,"Garden Tractor Deals, Mountfield Garden Tractors, Mountfield Ride-On Mowers & Lawn Tractors, Spring Sale",would_untag,
gid://shopify/Product/14873207374197,Mountfield 2240H Rear-Collect V-Twin Garden Tractor with Hydrostatic Drive,MF-2T0980483/M25,,MF-2T0980483/M25,"Garden Tractor Deals, Mountfield Garden Tractors, Mountfield Ride On Mowers, Mountfield Ride-On Mowers & Lawn Tractors, Spring Sale",would_untag,
gid://shopify/Product/14873207538037,Mountfield 1543H-SD Side-Discharge Lawn Tractor with Hydrostatic Drive,MF-2T1210483/M25,,MF-2T1210483/M25,"Best Mulching Lawn Tractors, Best Side Discharge Lawn Tractors, Black Friday, Black Friday 2019, Black Friday 2021, Chipperfield, Lawn & Garden Tractors, Lawn Tractor Deals, Mountfield, Mountfield Lawn Tractors, Mountfield Ride On Mowers, Mountfield Ride-On Mowers & Lawn Tractors, Mountfield SD Models, Ride On Mowers, Spring Sale, Top Ride-On Lawnmowers - Lowest Prices Online!",would_untag,
gid://shopify/Product/14873207865717,Mountfield 1530H Rear-Collect Lawn Tractor with Hydrostatic Drive,MF-2T2120483/M25,,MF-2T2120483/M25,"Best Buys from MowDirect, Free Brushcutter and Trimmer with selected Ride-on and Garden Tractors, Lawn Tractor Deals, Mountfield Lawn Tractors, Mountfield Ride On Mowers, Mountfield Ride-On Mowers & Lawn Tractors, Ride On Mowers and Garden Tractors, Spring Sale",would_untag,
gid://shopify/Product/14873207964021,Mountfield 1538H Rear-Collect Lawn Tractor with Hydrostatic Drive,MF-2T2620483/M25,,MF-2T2620483/M25,"Lawn Tractor Deals, Lawn Tractors / Ride on Mowers, Mountfield Lawn Tractors, Mountfield Ride On Mowers, Mountfield Ride-On Mowers & Lawn Tractors, Ride On Mowers and Garden Tractors, Spring Sale",would_untag,
gid://shopify/Product/14873208258933,Mountfield 1638H Rear-Collect V-Twin Garden Tractor with Hydrostatic Drive,MF-2T2630483/M22,,MF-2T2630483/M22,"Garden Tractor Deals, Mountfield Garden Tractors, Mountfield Ride On Mowers, Mountfield Ride-On Mowers & Lawn Tractors, Ride On Mowers and Garden Tractors, Spring Sale, Top Ride-On Lawnmowers - Lowest Prices Online!",would_untag,
gid://shopify/Product/15248343236981,SHOP SOILED Mountfield 1638H Rear-Collect V-Twin Garden Tractor with Hydrostatic Drive - INCLUDING FREE PETROL BLOWER VAC WORTH £119.95!!,MF-2T2630483/M22,,MF-2T2630483/M22,"Garden Tractor Deals, Mountfield Garden Tractors, Mountfield Ride On Mowers, Mountfield Ride-On Mowers & Lawn Tractors, Ride On Mowers and Garden Tractors, Spring Sale, Top Ride-On Lawnmowers - Lowest Prices Online!",would_untag,
gid://shopify/Product/8320829292711,Mountfield Princess 34 Li KIT 48v Cordless 4-Wheel Rear-Roller Lawnmower (Inc. Battery & Charger),MF-34LI-F48,,MF-34LI-F48,"Battery-Powered Cordless Lawnmowers, Cordless Garden Machines & Power Tools, Cordless Lawnmowers, Mountfield, Mountfield Battery Powered Lawnmowers, Mountfield Cordless Battery Lawnmowers, Mountfield Freedom 48 Cordless Garden System, Spring Sale",would_untag,
gid://shopify/Product/8320831914151,Mountfield Manor Compact 36 V Petrol Front-Tine Cultivator,MF-MANOR-COMPACT-36,,MF-MANOR-COMPACT-36,"Best Front Tine Tiller Deals, Front-Tine Tillers, Machinery With Up To 50% Discount | MowDirect Black Friday Garden Deals, Mountfield Cultivators, Spring Sale",would_untag,
gid://shopify/Product/8320806748327,Mountfield Princess 34 Electric 4-Wheel Roller Lawnmower,MF-PRINCESS-34,,MF-PRINCESS-34,"Best Homeowner Electric Four-Wheel Lawn Mowers, Electric Four-Wheel Lawn Mower Deals, Electric Four-Wheel Rotary Lawn Mower Best Sellers, Electric Roller Lawn Mower Deals, Mains-Electric Rear-Roller Rotary Lawnmowers, Mountfield, Mountfield Electric Four-Wheel Lawn Mowers, Mountfield Electric Powered Lawnmowers, Mountfield Electric Rear-Roller Lawnmowers, Mountfield Mains-Electric Lawnmowers, Spring Sale",would_untag,
gid://shopify/Product/8320806650023,Mountfield Princess 38 Electric 4-Wheel Roller Lawnmower,MF-PRINCESS-38,,MF-PRINCESS-38,"Best Electric Four-Wheel Lawn Mower Deals, Best Electric Lawn Mower Deals, Best Electric Rear-Roller Lawn Mower Deals, Best Homeowner Electric Rear-Roller Lawn Mowers, Electric Four-Wheel Lawn Mower Deals, Electric Rear-Roller Rotary Lawn Mower Best Sellers, Electric Roller Lawn Mower Deals, Mains-Electric Rear-Roller Rotary Lawnmowers, Mountfield, Mountfield Electric Four-Wheel Lawn Mowers, Mountfield Electric Powered Lawnmowers, Mountfield Electric Rear-Roller Lawnmowers, Mountfield Mains-Electric Lawnmowers, Spring Sale",would_untag,
gid://shopify/Product/15664466493813,Stiga Park 500 W V-Twin Front-Cut Ride-On Lawnmower Including Combi 100 Q Plus Deck,PARK500W_100COMBI,,PARK500W_100COMBI,"Best Front Cut Ride-on Mower Deals, Spring Sale, Stiga Front-Cut Ride-On Mowers, Stiga Sit-On Lawnmowers with Out-Front Decks",would_untag,
gid://shopify/Product/14873211142517,Stiga Silex 87 G Scythe Mower,STIG-210870042/ST2,,STIG-210870042/ST2,"Rough / Long Grass cutters, Scythe Mowers, Sickle Bar / Scythe Mowers, Spring Sale, Stiga Brushcutters & Line Trimmers",would_untag,
gid://shopify/Product/8321722810535,Stiga SVP 40 G Petrol Scarifier,STIG-211400248/ST1,,STIG-211400248/ST1,"Aerator and Scarifier Deals, Best Aerator and Scarifier Deals, Spring Sale, Stiga Lawn Scarifiers",would_untag,
gid://shopify/Product/8321718681767,Stiga SRC 685 RG Petrol Front-Tine Tiller,STIG-213851142/ST1,,STIG-213851142/ST1,"Best Front Tine Tiller Deals, Cultivators Tillers & Rotavators, Front-Tine Tillers, Spring Sale",would_untag,
gid://shopify/Product/8321724743847,Stiga SWS 600 G Self-Propelled Sweeper,STIG-219602532/S17,,STIG-219602532/S17,"Leaf Sweepers | Push Towed & Powered, Snow Blowers / Snow Throwers / Snow Sweepers, Spring Sale, Wheeled Lawn & Litter Vacuums and Leaf Sweepers",would_untag,
gid://shopify/Product/8321721335975,"Stiga PR 730 Top-Handle Petrol Arborist’s Chainsaw with 3/8"" Chain (25cm Guide Bar)",STIG-240271002/ST2,,STIG-240271002/ST2,"Best Landscaping & Agriculture Petrol Chainsaws, Best Petrol Chainsaw Deals, Best Premium Petrol Chainsaws, Petrol Chainsaw Deals, Spring Sale, Stiga Chainsaws, Stiga Petrol Chainsaw",would_untag,
gid://shopify/Product/8321721532583,"Stiga PR 730 C Top-Handle Petrol Arborist’s Chainsaw with 1/4"" Chain (25cm Guide Bar)",STIG-240271012/ST2,,STIG-240271012/ST2,"Best Landscaping & Agriculture Petrol Chainsaws, Best Petrol Chainsaw Deals, Best Premium Petrol Chainsaws, Petrol Chainsaw Deals, Spring Sale, Stiga Chainsaws, Stiga Petrol Chainsaw",would_untag,
gid://shopify/Product/8321173323943,Stiga CS 540 Petrol Chainsaw (35cm Guide Bar),STIG-240381402/ST1,,STIG-240381402/ST1,"Best Homeowner Petrol Chainsaws, Best Petrol Chainsaw Deals, Chainsaws | MowDirect Black Friday Garden Deals, Petrol Chainsaw Deals, Spring Sale, Stiga Chainsaws, Stiga Petrol Chainsaw",would_untag,
gid://shopify/Product/8321722253479,Stiga CS 545 Petrol Chainsaw (40cm Guide Bar),STIG-240421602/ST1,,STIG-240421602/ST1,"Best Landscaping & Agriculture Petrol Chainsaws, Best Petrol Chainsaw Deals, Petrol Chainsaw Deals, Spring Sale, Stiga Chainsaws, Stiga Petrol Chainsaw",would_untag,
gid://shopify/Product/8321179123879,Stiga CS 750 Petrol Chainsaw (45cm Guide Bar),STIG-240461802/ST1,,STIG-240461802/ST1,"Best Petrol Chainsaw Deals, Chainsaws | MowDirect Black Friday Garden Deals, Petrol Chainsaw Deals, Spring Sale, Stiga Chainsaws, Stiga Petrol Chainsaw",would_untag,
gid://shopify/Product/8321182498983,Stiga CS 755 Petrol Chainsaw (45cm Guide Bar),STIG-240521802/ST1,,STIG-240521802/ST1,"Best Landscaping & Agriculture Petrol Chainsaws, Best Petrol Chainsaw Deals, Chainsaws | MowDirect Black Friday Garden Deals, Petrol Chainsaw Deals, Spring Sale, Stiga Chainsaws, Stiga Petrol Chainsaw",would_untag,
gid://shopify/Product/8321722515623,Stiga HT 525 Petrol Hedgetrimmer (60cm Blades),STIG-252421008/ST2,,STIG-252421008/ST2,"Best Double Sided Petrol Hedgecutters, Best Petrol Hedgetrimmer Deals, Petrol Hedgecutter Deals, Spring Sale, Stiga Hedgetrimmers, Stiga Petrol Hedgecutters",would_untag,
gid://shopify/Product/8321664450727,Stiga BL 530 V Petrol Blower-Vac,STIG-255127002/ST1,,STIG-255127002/ST1,"Best Garden Gifts for Father's Day 2020, Best Hand-held Blower-Vac Deals, Best Petrol Hand Held Garden Blower-Vacs, Black Friday 2019, Blower & Vacs | MowDirect Black Friday Garden Deals, Hand Held Garden Blower-Vac Deals, Leaf & Debris Clearance | Winter Garden Care, STIGA Handheld Garden Blower-Vacs, Spring Sale, Winter Garden Care",would_untag,
gid://shopify/Product/8321664647335,Stiga BL 530 Petrol Leaf-Blower,STIG-255127092/ST2,,STIG-255127092/ST2,"Best Garden Gifts for Father's Day 2020, Black Friday 2019, Blower & Vacs | MowDirect Black Friday Garden Deals, Hand Held Garden Blower-Vac Deals, STIGA Handheld Garden Blower-Vacs, Spring Sale, Winter Garden Care",would_untag,
gid://shopify/Product/8321664680103,Stiga BL 980 R Backpack Blower,STIG-255175102/ST1,,STIG-255175102/ST1,"Backpack Power Leaf Blower Deals, Best Backpack Leaf Blower Deals, Best Backpack Leaf Blowers, Blower & Vacs | MowDirect Black Friday Garden Deals, Spring Sale, Winter Garden Care",would_untag,
gid://shopify/Product/8321717076135,Stiga E22 20v/2Ah ePower Lithium-Ion Battery | 271012008/ST1,STIG-271012008/ST1,,STIG-271012008/ST1,Spring Sale,would_untag,
gid://shopify/Product/8321717272743,Stiga E24 20v/4Ah ePower Lithium-Ion Battery | 271014008/ST1,STIG-271014008/ST1,,STIG-271014008/ST1,Spring Sale,would_untag,
gid://shopify/Product/8321717534887,Stiga C 215 SU 20v ePower Single-Port Battery Charger | 271021000/21,STIG-271021000/21,,STIG-271021000/21,Spring Sale,would_untag,
gid://shopify/Product/8321717371047,Stiga C 215 DU 20v ePower Twin-Port Battery Charger | 271021100/21,STIG-271021100/21,,STIG-271021100/21,Spring Sale,would_untag,
gid://shopify/Product/8321717633191,Stiga GT 100e KIT 20v 2-in-1 Cordless Grass-Trimmer & Lawn Edger (Inc. Battery & Charger),STIG-271102218/UKS,,STIG-271102218/UKS,"Best Cordless Grass Trimmer Deals, Cordless Strimmers & Brushcutters, Spring Sale",would_untag,
gid://shopify/Product/8321718452391,Stiga HT 100e KIT 20v Cordless Hedgetrimmer (Inc. Battery & Charger),STIG-271302218/UKS,,STIG-271302218/UKS,"Battery-Powered Cordless Hedgetrimmers, Best Cordless Hedgetrimmer Deals, Spring Sale, Stiga Hedgetrimmers",would_untag,
gid://shopify/Product/8321716912295,Stiga BL 100e KIT 20v Cordless Leaf-Blower (Inc. Battery & Charger),STIG-271504218/UKS,,STIG-271504218/UKS,"Best Hand-held Blower-Vac Deals, Hand Held Garden Blower-Vac Deals, STIGA Handheld Garden Blower-Vacs, Spring Sale",would_untag,
gid://shopify/Product/8321717010599,Stiga VS 100e KIT 20v Cordless Blower-Vac (Inc. 2 x Batteries & Charger),STIG-271504298/UKS,,STIG-271504298/UKS,"Best Hand-held Blower-Vac Deals, Hand Held Garden Blower-Vac Deals, STIGA Handheld Garden Blower-Vacs, Spring Sale",would_untag,
gid://shopify/Product/8321718616231,Stiga MT 100e KIT 20v Cordless Multi-Tool (Inc. Battery & Charger),STIG-271724218/UKS,,STIG-271724218/UKS,"Battery-Powered Cordless Hedgetrimmers, Best Cordless Chainsaw Deals, Best Cordless Hedgetrimmer Deals, Best Long Reach Hedgecutter Deals, Cordless Battery Chainsaws, Long-Reach Hedgecutters & Hedgetrimmers, Spring Sale, Stiga Chainsaws, Stiga Hedgetrimmers, Tree Pruners",would_untag,
gid://shopify/Product/8321693548711,Stiga E420 48v/2Ah ePower Lithium-Ion Battery | 274012004/ST1,STIG-274012004/ST1,,STIG-274012004/ST1,Spring Sale,would_untag,
gid://shopify/Product/14873211240821,Stiga GT 500e KIT 48v Cordless Grass-Trimmer (Inc. Battery & Charger),STIG-278102208/UKS,,STIG-278102208/UKS,"Best Cordless Grass Trimmer Deals, Cordless Handheld Garden Machines, Cordless Strimmers & Brushcutters, Spring Sale, Stiga Brushcutters & Line Trimmers",would_untag,
gid://shopify/Product/14873211371893,Stiga HT 500e KIT 48v Cordless Hedgetrimmer (Inc. Battery & Charger),STIG-278302208/UKS,,STIG-278302208/UKS,"Battery-Powered Cordless Hedgetrimmers, Best Cordless Hedgetrimmer Deals, Spring Sale, Stiga Hedgetrimmers",would_untag,
gid://shopify/Product/14873211568501,Stiga BL 500e KIT 48v Cordless Leaf-Blower (Inc. Battery & Charger),STIG-278502208/UKS,,STIG-278502208/UKS,"Battery Hand Held Garden Blower-Vacs, Hand Held Garden Blower-Vac Deals, STIGA Handheld Garden Blower-Vacs, Spring Sale",would_untag,
gid://shopify/Product/8321719074983,Stiga BC 730 Petrol Brushcutter,STIG-283220008/ST1,,STIG-283220008/ST1,"Best Loop & Bar Handle Petrol Brushcutters & Line Trimmers, Best Petrol Brushcutter Deals, Petrol Brushcutter Deals, Spring Sale, Stiga Brushcutters & Line Trimmers",would_untag,
gid://shopify/Product/8321719173287,Stiga BC 730 B Petrol Brushcutter,STIG-283221008/ST1,,STIG-283221008/ST1,"Best Cowhorn Double Handle Petrol Brushcutters & Line Trimmers, Best Petrol Brushcutter Deals, Petrol Brushcutter Deals, Spring Sale, Stiga Brushcutters & Line Trimmers",would_untag,
gid://shopify/Product/8321087111335,Stiga BC 740 B Petrol Brushcutter,STIG-283321008/ST2,,STIG-283321008/ST2,"Best Cowhorn Double Handle Petrol Brushcutters & Line Trimmers, Best Petrol Brushcutter Deals, Brushcutters | MowDirect Black Friday Garden Deals, Petrol Brushcutter Deals, Petrol Brushcutters & Line Trimmers, Spring Sale, Stiga Brushcutters & Line Trimmers",would_untag,
gid://shopify/Product/8321719271591,Stiga BC 750 B Petrol Brushcutter,STIG-283424008/ST2,,STIG-283424008/ST2,"Best Cowhorn Double Handle Petrol Brushcutters & Line Trimmers, Best Petrol Brushcutter Deals, Petrol Brushcutter Deals, Spring Sale, Stiga Brushcutters & Line Trimmers",would_untag,
gid://shopify/Product/8321719435431,Stiga BC 760 B Petrol Brushcutter,STIG-283524008/ST3,,STIG-283524008/ST3,"Best Cowhorn Double Handle Petrol Brushcutters & Line Trimmers, Best Petrol Brushcutter Deals, Petrol Brushcutter Deals, Spring Sale, Stiga Brushcutters & Line Trimmers",would_untag,
gid://shopify/Product/8321096745127,Stiga GT 330 A Curved-Shaft Petrol Grass-Trimmer,STIG-287110102/ST2,,STIG-287110102/ST2,"Best Loop Handle Petrol Brushcutters & Line Trimmers, Best Petrol Brushcutter Deals, Petrol Brushcutter Deals, Spring Sale, Stiga Brushcutters & Line Trimmers",would_untag,
gid://shopify/Product/8321664843943,Stiga BC 330 A Petrol Brushcutter,STIG-287120102/ST2,,STIG-287120102/ST2,"Best Loop & Bar Handle Petrol Brushcutters & Line Trimmers, Best Petrol Brushcutter Deals, Brushcutters | MowDirect Black Friday Garden Deals, Petrol Brushcutter Deals, Petrol Brushcutters & Line Trimmers, Spring Sale, Stiga Brushcutters & Line Trimmers",would_untag,
gid://shopify/Product/8321101234343,Stiga BC 330 AB Petrol Brushcutter,STIG-287121102/ST2,,STIG-287121102/ST2,"Best Cowhorn Double Handle Petrol Brushcutters & Line Trimmers, Best Petrol Brushcutter Deals, Brushcutters | MowDirect Black Friday Garden Deals, Petrol Brushcutter Deals, Spring Sale, Stiga Brushcutters & Line Trimmers",would_untag,
gid://shopify/Product/8321145766055,Stiga BC 535 Petrol Brushcutter,STIG-287220002/ST1,,STIG-287220002/ST1,"Best Loop & Bar Handle Petrol Brushcutters & Line Trimmers, Best Petrol Brushcutter Deals, Brushcutters | MowDirect Black Friday Garden Deals, Petrol Brushcutter Deals, Spring Sale, Stiga Brushcutters & Line Trimmers",would_untag,
gid://shopify/Product/8321664975015,Stiga BC 535 B Petrol Brushcutter,STIG-287221002/ST1,,STIG-287221002/ST1,"Best Cowhorn Double Handle Petrol Brushcutters & Line Trimmers, Best Petrol Brushcutter Deals, Brushcutters | MowDirect Black Friday Garden Deals, Petrol Brushcutter Deals, Petrol Brushcutters & Line Trimmers, Spring Sale, Stiga Brushcutters & Line Trimmers",would_untag,
gid://shopify/Product/8321665269927,Stiga BC 545 B Petrol Brushcutter,STIG-287321002/ST1,,STIG-287321002/ST1,"Best Cowhorn Double Handle Petrol Brushcutters & Line Trimmers, Best Petrol Brushcutter Deals, Brushcutters | MowDirect Black Friday Garden Deals, Petrol Brushcutter Deals, Petrol Brushcutters & Line Trimmers, Spring Sale, Stiga Brushcutters & Line Trimmers",would_untag,
gid://shopify/Product/8321724907687,Stiga Collection Box for SWS 600 G Self-Propelled Sweeper | 290602020/16,STIG-290602020/16,,STIG-290602020/16,Spring Sale,would_untag,
gid://shopify/Product/8321725071527,Stiga Front Blade for SWS 600 G Self-Propelled Sweeper | 290602030/16,STIG-290602030/16,,STIG-290602030/16,Spring Sale,would_untag,
gid://shopify/Product/8321154416807,Stiga Front Blade for SWS 800 G Self-Propelled Sweeper | 290802030/16,STIG-290802030/16,,STIG-290802030/16,"Snow Ploughs, Spring Sale",would_untag,
gid://shopify/Product/8321727266983,Stiga Collector 132e KIT 20v Cordless Lawnmower (Inc. Battery & Charger),STIG-291302168/UKS,,STIG-291302168/UKS,"Battery-Powered Cordless Lawnmowers, Best Cordless Battery Lawnmower Deals, Spring Sale",would_untag,
gid://shopify/Product/8321689714855,Stiga Collector 136e KIT 20v Cordless Lawnmower (Inc. 2 x Batteries & Charger),STIG-291342168/UKS,,STIG-291342168/UKS,"Battery-Powered Cordless Lawnmowers, Best Cordless Battery Lawnmower Deals, Cordless Lawnmowers, Spring Sale",would_untag,
gid://shopify/Product/8321727332519,Stiga Collector 140e KIT 20v Cordless Lawnmower (Inc. 2 x Batteries & Charger),STIG-291382168/UKS,,STIG-291382168/UKS,"Battery-Powered Cordless Lawnmowers, Best Cordless Battery Lawnmower Deals, Spring Sale",would_untag,
gid://shopify/Product/8321727365287,Stiga Combi 336e KIT 48v 3-in-1 Hand-Propelled Cordless Lawnmower (Inc. Battery & Charger),STIG-294346068/UKS,,STIG-294346068/UKS,"Battery-Powered Cordless Lawnmowers, Best Cordless Battery Lawnmower Deals, Spring Sale, Stiga Combi Lawnmowers",would_untag,
gid://shopify/Product/8321727430823,Stiga Combi 340e KIT 48v 3-in-1 Hand-Propelled Cordless Lawnmower (Inc. Battery & Charger),STIG-294386068/UKS,,STIG-294386068/UKS,"Battery-Powered Cordless Lawnmowers, Best Cordless Battery Lawnmower Deals, Spring Sale, Stiga Combi Lawnmowers",would_untag,
gid://shopify/Product/8321727496359,Stiga Combi 344e KIT 48v 3-in-1 Hand-Propelled Cordless Lawnmower (Inc. Battery & Charger),STIG-294426068/UKS,,STIG-294426068/UKS,"Battery-Powered Cordless Lawnmowers, Best Cordless Battery Lawnmower Deals, Spring Sale, Stiga Combi Lawnmowers",would_untag,
gid://shopify/Product/14873211732341,Stiga Twinclip 950e V KIT 48v 4-in-1 Variable-Speed Cordless Lawnmower (Inc. Batteries & Charger),STIG-294513998/ST1,,STIG-294513998/ST1,"Battery-Powered Cordless Lawnmowers, Cordless Lawnmowers, Spring Sale, Stiga Twinclip Lawnmowers",would_untag,
gid://shopify/Product/8321698300071,Stiga Twinclip 950e V 48v 4-in-1 Variable-Speed Cordless Lawnmower (Inc. Batteries & Charger),STIG-294513998/UKS,,STIG-294513998/UKS,"Battery-Powered Cordless Lawnmowers, Cordless Lawnmowers, Spring Sale, Stiga Twinclip Lawnmowers",would_untag,
gid://shopify/Product/8321728053415,Stiga Twinclip 950e VR KIT 48v Variable-Speed Cordless Rear-Roller Lawnmower (Inc. 2 x Batteries & Charger),STIG-294519198/ST1,,STIG-294519198/ST1,"Battery-Powered Cordless Lawnmowers, Best Cordless Battery Lawnmower Deals, Spring Sale, Stiga Twinclip Lawnmowers",would_untag,
gid://shopify/Product/8321728282791,Stiga Twinclip 955 VR Variable-Speed Petrol Rear-Roller Lawnmower,STIG-294569048/ST1,,STIG-294569048/ST1,"Best Petrol Lawmower Deals, Best Petrol Rear Roller Lawnmower Deals, Best Self Propelled Rear Roller Petrol Lawnmowers, Best Variable Speed Rear Roller Petrol Lawnmowers, Spring Sale, Stiga Rear-Roller Lawnmowers, Stiga Twinclip Lawnmowers",would_untag,
gid://shopify/Product/8321040285863,Stiga Multiclip 547 S Self-Propelled Petrol Mulching Lawnmower,STIG-298472048/ST2,,STIG-298472048/ST2,"Best Self-Propelled Mulching Petrol Lawn Mowers, STIGA Self-Propelled Lawnmowers, Self-Propelled 4-Wheel Petrol Lawnmower Deals, Spring Sale, Stiga Multiclip Lawnmowers",would_untag,
gid://shopify/Product/8321022853287,Stiga Park Combi 100 Q Plus QuickFlip Cutter Deck | 2D6210021/ST2,STIG-2D6210021/ST2,,STIG-2D6210021/ST2,"Spring Sale, Stiga Attachments & Accessories for Park Front-Cut Ride-Ons & Mid-Deck Tractors, Stiga Sit-On Lawnmowers with Out-Front Decks",would_untag,
gid://shopify/Product/8321023410343,Stiga Park Combi Pro 110 Q Plus QuickFlip Cutter Deck | 2D6311021/ST2,STIG-2D6311021/ST2,,STIG-2D6311021/ST2,"Spring Sale, Stiga Attachments & Accessories for Park Front-Cut Ride-Ons & Mid-Deck Tractors, Stiga Sit-On Lawnmowers with Out-Front Decks",would_untag,
gid://shopify/Product/8321023803559,Stiga Park Combi Pro 125 Q Plus QuickFlip Cutter Deck | 2D6312521/ST2,STIG-2D6312521/ST2,,STIG-2D6312521/ST2,"Spring Sale, Stiga Attachments & Accessories for Park Front-Cut Ride-Ons & Mid-Deck Tractors, Stiga Sit-On Lawnmowers with Out-Front Decks",would_untag,
gid://shopify/Product/14873211896181,Stiga Park 300 LC Front-Cut Ride-On Lawnmower (Inc. 85cm Manual-Lift Deck),STIG-2F5820245/ST1,,STIG-2F5820245/ST1,"Best Front Cut Ride-on Mower Deals, Ride On Mowers and Garden Tractors, Spring Sale, Stiga Front Cut Mowers, Stiga Front-Cut Ride-On Mowers, Stiga Park 2WD Front-Cut Ride-on Mowers, Stiga Ride-on Mowers, Stiga Sit-On Lawnmowers with Out-Front Decks, Stiga Villa Front-Cut Ride-on Mowers, Top Ride-On Lawnmowers - Lowest Prices Online!",would_untag,
gid://shopify/Product/14873212092789,Stiga Park 300 RC Front-Cut Ride-On Lawnmower (Inc. 95cm Electric-Lift Deck),STIG-2F5820425/ST1,,STIG-2F5820425/ST1,"Best Front Cut Ride-on Mower Deals, Ride On Mowers and Garden Tractors, Spring Sale, Stiga Front Cut Mowers, Stiga Front-Cut Ride-On Mowers, Stiga Park 2WD Front-Cut Ride-on Mowers, Stiga Ride-on Mowers, Stiga Sit-On Lawnmowers with Out-Front Decks, Stiga Villa Front-Cut Ride-on Mowers, Top Ride-On Lawnmowers - Lowest Prices Online!",would_untag,
gid://shopify/Product/8320999194791,Stiga Park 500 Front-Cut Ride-On Lawnmower (Excluding Deck),STIG-2F6120545/ST2,,STIG-2F6120545/ST2,"Black Friday 2019, Christmas Specials Promo, January Sales, Spring Sale, Stiga Front-Cut Ride-On Mowers, Stiga Park 2WD Front-Cut Ride-on Mowers, Stiga Sit-On Lawnmowers with Out-Front Decks",would_untag,
gid://shopify/Product/8320859996327,Stiga Park 500 WX 4WD V-Twin Front-Cut Ride-On Lawnmower (Excluding Deck),STIG-2F6130645/ST2,,STIG-2F6130645/ST2,"Best Front Cut Ride-on Mower Deals, Spring Sale, Stiga Front-Cut Ride-On Mowers, Stiga Park 4WD Front-Cut Ride-on Mowers, Stiga Sit-On Lawnmowers with Out-Front Decks",would_untag,
gid://shopify/Product/8320997458087,Stiga Park 700 W V-Twin Front-Cut Ride-On Lawnmower (Excluding Deck),STIG-2F6220745/ST2,,STIG-2F6220745/ST2,"Spring Sale, Stiga Front-Cut Ride-On Mowers, Stiga Park 2WD Front-Cut Ride-on Mowers, Stiga Sit-On Lawnmowers with Out-Front Decks",would_untag,
gid://shopify/Product/8321606123687,Stiga Park 700 WX 4WD V-Twin Front-Cut Ride-On Lawnmower (Excluding Deck),STIG-2F6230745/ST2,,STIG-2F6230745/ST2,"Black Friday 2019, Christmas Specials Promo, Spring Sale, Stiga Front-Cut Ride-On Mowers, Stiga Park 4WD Front-Cut Ride-on Mowers, Stiga Sit-On Lawnmowers with Out-Front Decks",would_untag,
gid://shopify/Product/8320864780455,Stiga Park Pro 900 WX 4WD V-Twin Front-Cut Ride-On Lawnmower (Excluding Deck),STIG-2F6430831/ST2,,STIG-2F6430831/ST2,"Spring Sale, Stiga Front-Cut Ride-On Mowers, Stiga Park 4WD Front-Cut Ride-on Mowers, Stiga Sit-On Lawnmowers with Out-Front Decks",would_untag,
gid://shopify/Product/8320866910375,Stiga Park Pro 900 AWX 4WD V-Twin Front-Cut Ride-On Lawnmower (Excluding Deck),STIG-2F6430931/ST2,,STIG-2F6430931/ST2,"Spring Sale, Stiga Front-Cut Ride-On Mowers, Stiga Park 4WD Front-Cut Ride-on Mowers, Stiga Sit-On Lawnmowers with Out-Front Decks",would_untag,
gid://shopify/Product/8321710260391,Stiga Gyro 900e ‘Drive-by-Wire’ Electric Battery-Powered Axial Ride-On Lawnmower,STIG-2F7064705/ST1,,STIG-2F7064705/ST1,"Best Ride-on Mower Deals, Best Side Discharge Ride-On Mowers, Best Zero Turn Ride-on Mower Deals, Spring Sale, Stiga Battery-Powered Ride-Ons & Lawn Tractors, Zero-Turn Ride-On Mowers",would_untag,
gid://shopify/Product/8321697448103,Stiga Combi 748 S 4-in-1 Self-Propelled Petrol Lawnmower,STIG-2L0486848/ST2,,STIG-2L0486848/ST2,"Best Petrol 4 Wheel Rotary Lawn Mower Deals, Best Petrol Lawmower Deals, Best Self-Propelled 4-Wheel Petrol Lawnmower Deals, Best Self-Propelled 4-in-1 Petrol Lawn Mowers, STIGA Self-Propelled Lawnmowers, Self-Propelled 4-Wheel Petrol Lawnmower Deals, Spring Sale, Stiga Combi Lawnmowers",would_untag,
gid://shopify/Product/8321728512167,Stiga Combi 748 V 4-in-1 Variable-Speed Petrol Lawnmower (with Honda Engine),STIG-2L0487838/ST2,,STIG-2L0487838/ST2,"Best Petrol 4 Wheel Rotary Lawn Mower Deals, Best Petrol Lawmower Deals, Best Self-Propelled 4-Wheel Petrol Lawnmower Deals, Best Self-Propelled 4-in-1 Petrol Lawn Mowers, Lawnmowers Powered by Honda, STIGA Self-Propelled Lawnmowers, Self-Propelled 4-Wheel Petrol Lawnmower Deals, Spring Sale, Stiga Combi Lawnmowers",would_untag,
gid://shopify/Product/8321729101991,Stiga Combi 748e V KIT 48v 4-in-1 Variable-Speed Cordless Lawnmower (Inc. Batteries & Charger),STIG-2L0487978/ST1,,STIG-2L0487978/ST1,"Battery-Powered Cordless Lawnmowers, Lawnmowers: Top Brands! Low Prices for 2022!, Spring Sale, Stiga Combi Lawnmowers",would_untag,
gid://shopify/Product/8321697939623,Stiga Combi 753 SE 4-in-1 Self-Propelled Petrol Lawnmower with Electric Start,STIG-2L0536548/ST2,,STIG-2L0536548/ST2,"Best Petrol 4 Wheel Rotary Lawn Mower Deals, Best Petrol Lawmower Deals, Best Self-Propelled 4-Wheel Petrol Lawnmower Deals, Best Self-Propelled 4-in-1 Petrol Lawn Mowers, STIGA Self-Propelled Lawnmowers, Self-Propelled 4-Wheel Petrol Lawnmower Deals, Spring Sale, Stiga Combi Lawnmowers",would_untag,
gid://shopify/Product/8321697808551,Stiga Combi 753 S 4-in-1 Self-Propelled Petrol Lawnmower,STIG-2L0536848/ST2,,STIG-2L0536848/ST2,"Best Petrol 4 Wheel Rotary Lawn Mower Deals, Best Petrol Lawmower Deals, Best Self-Propelled 4-Wheel Petrol Lawnmower Deals, Best Self-Propelled 4-in-1 Petrol Lawn Mowers, STIGA Self-Propelled Lawnmowers, Self-Propelled 4-Wheel Petrol Lawnmower Deals, Spring Sale, Stiga Combi Lawnmowers",would_untag,
gid://shopify/Product/8321728676007,Stiga Combi 753 V 4-in-1 Variable-Speed Petrol Lawnmower (with Honda Engine),STIG-2L0537838/ST2,,STIG-2L0537838/ST2,"Best Petrol 4 Wheel Rotary Lawn Mower Deals, Best Petrol Lawmower Deals, Best Self-Propelled 4-Wheel Petrol Lawnmower Deals, Best Self-Propelled 4-in-1 Petrol Lawn Mowers, Lawnmowers Powered by Honda, STIGA Self-Propelled Lawnmowers, Self-Propelled 4-Wheel Petrol Lawnmower Deals, Spring Sale, Stiga Combi Lawnmowers",would_untag,
gid://shopify/Product/8321728020647,Stiga Combi 753e V KIT 48v 4-in-1 Variable-Speed Cordless Lawnmower (Inc. 2 x Batteries & Charger),STIG-2L0537978/UKS,,STIG-2L0537978/UKS,"Battery-Powered Cordless Lawnmowers, Best Cordless Battery Lawnmower Deals, Spring Sale, Stiga Combi Lawnmowers",would_untag,
gid://shopify/Product/8320856490151,Stiga Combi 166 Compact Rear-Collect & Side-Discharge Ride-On Mower with Hydrostatic Drive,STIG-2T0070481/ST2,,STIG-2T0070481/ST2,"Best Rear Collect Ride-On Mowers, Best Ride-on Mower Deals, Ride-on Mower Deals, Ride-on Mowers Best Sellers, Spring Sale, Stiga Combi Ride-On Mowers, Stiga Ride-On Mowers",would_untag,
gid://shopify/Product/8321026785447,Stiga Combi 372 Compact Rear-Collect Ride-On Mower with Hydrostatic Drive,STIG-2T0210481/ST2,STIG-2T0210481/ST2,STIG-2T0210481/ST2,"Best Rear Collect Ride-On Mowers, Ride-on Mower Deals, Spring Sale, Stiga Combi Ride-On Mowers, Stiga Ride-On Mowers",keep_tagged,
gid://shopify/Product/8321461518503,Stiga Tornado 398 Side-Discharge Lawn Tractor with Hydrostatic Drive,STIG-2T0610481/ST1,,STIG-2T0610481/ST1,"Best Mulching Lawn Tractors, Best Side Discharge Lawn Tractors, Lawn Tractor Deals, Lawn Tractors | MowDirect Black Friday Garden Deals, Meet our Gardening Super-Stars..., Spring Sale, Stiga Lawn & Garden Tractors, Stiga Lawn Tractors, Top Finance Deals",would_untag,
gid://shopify/Product/8321728970919,Stiga Tornado 5108 Side-Discharge Garden Tractor with Hydrostatic Drive,STIG-2T1215481/ST1,,STIG-2T1215481/ST1,"Best Garden Tractor Deals, Best Mulching Garden Tractors, Garden Tractor Deals, Spring Sale, Stiga Garden Tractors, Stiga Lawn & Garden Tractors",would_untag,
gid://shopify/Product/8320851837095,Stiga Tornado 5108 W Side-Discharge V-Twin Garden Tractor with Hydrostatic Drive,STIG-2T1220481/ST2,,STIG-2T1220481/ST2,"Best Garden Tractor Deals, Best Mulching Garden Tractors, Garden Tractor Deals, Spring Sale, Stiga Garden Tractors, Stiga Lawn & Garden Tractors",would_untag,
gid://shopify/Product/8321120665767,Stiga Tornado 7108 W Side-Discharge V-Twin Garden Tractor with Hydrostatic Drive,STIG-2T1835481/ST1,,STIG-2T1835481/ST1,"Best Garden Tractor Deals, Best Mulching Garden Tractors, Garden Tractor Deals, Spring Sale, Stiga Garden Tractors, Stiga Lawn & Garden Tractors",would_untag,
gid://shopify/Product/8321214939303,Stiga Estate 384 Rear-Collect Lawn Tractor with Hydrostatic Drive,STIG-2T2100481/ST1,STIG-2T2100481/ST1,STIG-2T2100481/ST1,"Best Lawn Tractor Deals, Best Mulching Lawn Tractors, Best Rear Collect Lawn Tractors, Lawn Tractor Deals, Spring Sale, Stiga Lawn & Garden Tractors, Stiga Lawn Tractors",keep_tagged,
gid://shopify/Product/8321614610599,Stiga Estate 384e Battery-Powered Rear-Collect Lawn Tractor with Stepless Electronic Drive,STIG-2T2200481/ST1,,STIG-2T2200481/ST1,"Best Rear Collect Lawn Tractors, Cordless Ride-Ons & Tractor Mowers, Spring Sale, Stiga Battery-Powered Ride-Ons & Lawn Tractors, Stiga Lawn & Garden Tractors, Stiga Lawn Tractors",would_untag,
gid://shopify/Product/8321729822887,Stiga Estate 584e Battery-Powered Rear-Collect Lawn Tractor with Stepless Electronic Drive,STIG-2T2205481/ST2,,STIG-2T2205481/ST2,"Spring Sale, Stiga Lawn & Garden Tractors, Stiga Lawn Tractors",would_untag,
gid://shopify/Product/8321053884583,Stiga Estate 598 Rear-Collect Lawn Tractor with Hydrostatic Drive,STIG-2T2620481/ST2,,STIG-2T2620481/ST2,"Best Lawn Tractor Deals, Best Mulching Lawn Tractors, Best Rear Collect Lawn Tractors, Lawn Tractor Deals, Lawn Tractors | MowDirect Black Friday Garden Deals, Spring Sale, Stiga Lawn & Garden Tractors, Stiga Lawn Tractors, Top Ride-On Lawnmowers - Lowest Prices Online!",would_untag,
gid://shopify/Product/8321697218727,Stiga Estate 798e Battery-Powered Rear-Collect Lawn Tractor with Stepless Electronic Drive,STIG-2T2800481/ST2,,STIG-2T2800481/ST2,"Best Rear Collect Lawn Tractors, Cordless Ride-Ons & Tractor Mowers, Lawn Tractor Deals, Spring Sale, Stiga Lawn & Garden Tractors, Stiga Lawn Tractors",would_untag,
gid://shopify/Product/8321165525159,Stiga Silex Brush & Collector Attachment | 290950040/10,STIG-BRUSH-COLLECTOR,,STIG-BRUSH-COLLECTOR,"Brushcutters | MowDirect Black Friday Garden Deals, Spring Sale",would_untag,
gid://shopify/Product/8321152516263,Stiga Collection Box for SWS 800 G Self-Propelled Sweeper | 290802020/16,STIG-COLLECTOR-SWS-800G,,STIG-COLLECTOR-SWS-800G,Spring Sale,would_untag,
gid://shopify/Product/8321171488935,Stiga Extension Pole for Split-Shaft Brushcutters | 232511610/16,STIG-EXT-SHAFT-226,,STIG-EXT-SHAFT-226,"Brushcutters | MowDirect Black Friday Garden Deals, Spring Sale, Stiga Brushcutters & Line Trimmers",would_untag,
gid://shopify/Product/8321205993639,Stiga HPS 235 R Electric Pressure-Washer,STIG-HPS235R,,STIG-HPS235R,"Pressure Washers, Spring Sale",would_untag,
gid://shopify/Product/8321203011751,Stiga HPS 345 R Electric Pressure-Washer,STIG-HPS345R,,STIG-HPS345R,"Pressure Washers, Spring Sale",would_untag,
gid://shopify/Product/8321208778919,Stiga HPS 550 R Electric Pressure-Washer,STIG-HPS550R,,STIG-HPS550R,"Pressure Washers, Pressure Washers | Winter Garden Care, Spring Sale",would_untag,
gid://shopify/Product/8321211859111,Stiga HPS 650 RG Electric Pressure-Washer,STIG-HPS650RG,,STIG-HPS650RG,"New for 2018, Pressure Washers, Pressure Washers | Winter Garden Care, Spring Sale",would_untag,
gid://shopify/Product/8321100021927,Stiga Hedgetrimmer Attachment for Split-Shaft Brushcutters | 232511710/15,STIG-HT-ATTACH-226,,STIG-HT-ATTACH-226,"Spring Sale, Stiga Brushcutters & Line Trimmers, Stiga Petrol Hedgecutters, Winter Garden Care",would_untag,
gid://shopify/Product/8321022296231,Stiga Park Combi 95 Q Plus QuickFlip Cutter Deck | 2D6209521/ST2,STIG-PARK-95-COMBI-EL,,STIG-PARK-95-COMBI-EL,"Spring Sale, Stiga Attachments & Accessories for Park Front-Cut Ride-Ons & Mid-Deck Tractors",would_untag,
gid://shopify/Product/8321098547367,Stiga Tree-Pruner Attachment for Split-Shaft Brushcutters | 232511810/15,STIG-PRUN-ATTACH-226,,STIG-PRUN-ATTACH-226,"Spring Sale, Stiga Brushcutters & Line Trimmers, Stiga Petrol Chainsaw, Tree Pruners",would_untag,
gid://shopify/Product/8321169522855,Stiga Silex Brush Attachment | 290950070/10,STIG-SILEX-BRUSH,,STIG-SILEX-BRUSH,"Brushcutters | MowDirect Black Friday Garden Deals, Spring Sale",would_untag,
gid://shopify/Product/8321159069863,Stiga Silex Rear-Mounted Rotovator Attachment | 290950020/10,STIG-SILEX-ROTOV,,STIG-SILEX-ROTOV,"Best Rear Tine Tiller Deals, Rear-Tine Tillers, Spring Sale",would_untag,
gid://shopify/Product/8321167622311,Stiga Silex Snow-Blade Attachment | 290950050/10,STIG-SILEX-SNOW-BLADE,,STIG-SILEX-SNOW-BLADE,"Snow Ploughs, Spring Sale",would_untag,
gid://shopify/Product/8321089962151,Stiga SRC 36 V Petrol Front-Tine Tiller,STIG-SRC-36V,,STIG-SRC-36V,"Best Front Tine Tiller Deals, Front-Tine Tillers, Spring Sale, Tillers & Scarifiers | MowDirect Black Friday Garden Deals",would_untag,
gid://shopify/Product/8321156350119,Stiga SWS 800 G Self-Propelled Sweeper,STIG-SWS-800G,,STIG-SWS-800G,"Spring Sale, Stiga, Two-Wheel Tractors, Wheeled Lawn & Litter Vacuums and Leaf Sweepers",would_untag,
gid://shopify/Product/14991021179253,Stiga Tornado 398M Side-Discharge Lawn Tractor,STIGA-398M,,STIGA-398M,"Best Mulching Lawn Tractors, Best Side Discharge Lawn Tractors, Lawn Tractor Deals, Lawn Tractors | MowDirect Black Friday Garden Deals, Meet our Gardening Super-Stars..., Spring Sale, Stiga Lawn & Garden Tractors, Stiga Lawn Tractors, Top Finance Deals",would_untag,
gid://shopify/Product/8321686929575,Stiga Tornado 7108e Battery-Powered Side-Discharge Garden Tractor with Stepless Electronic Drive,STIGA-7108E,,STIGA-7108E,"Best Garden Tractor Deals, Garden Tractor Deals, Spring Sale, Stiga Battery-Powered Ride-Ons & Lawn Tractors, Stiga Garden Tractors, Stiga Lawn & Garden Tractors",would_untag,
