product_id,product_title,handle,existing_tags,contributing_skus,already_tagged,action,error
gid://shopify/Product/8321692631207,Stiga E440 48v/4Ah ePower Lithium-Ion Battery 274014004/ST1,stiga-b440-48v-4ah-epower-lithium-ion-battery,,274014004/ST1,no,would_tag,
gid://shopify/Product/8320807174311,Mountfield Princess 38 Li KIT 48v Cordless 4-Wheel Rear-Roller Lawnmower (Inc. Battery & Charger),mountfield-princess-38-li-48v-38cm-cordless-battery-powered-4-wheel-rear-roller-lawnmower,"Battery-Powered Cordless Lawnmowers, Cordless Garden Machines & Power Tools, Cordless Lawnmowers, Mountfield, Mountfield Battery Powered Lawnmowers, Mountfield Cordless Battery Lawnmowers, Mountfield Freedom 48 Cordless Garden System",294386063/M26,no,would_tag,
gid://shopify/Product/8321328152743,Mountfield SP46 Elite 3-in-1 Self-Propelled Petrol Lawnmower (with Honda Engine),mountfield-sp46-elite-145cc-46cm-3-in-1-self-propelled-petrol-lawnmower-with-honda-engine,"Lawnmowers Powered by Honda, Mountfield, Mountfield Petrol Lawnmowers, Mountfield Self-Propelled Lawn Mowers, Self-Propelled 4-Wheel Petrol Lawnmower Deals",2L0486038/M19,no,would_tag,
gid://shopify/Product/8321662681255,Mountfield SP53 Self-Propelled 3-in-1 Petrol Lawnmower,mountfield-sp53-elite-self-propelled-3-in-1-petrol-lawnmower-1,"Mountfield Self-Propelled Lawn Mowers, Self-Propelled 4-Wheel Petrol Lawnmower Deals",2L0536048/M21,no,would_tag,
gid://shopify/Product/8321122861223,Stiga Tornado 9121 W Side-Discharge V-Twin Garden Tractor with Hydrostatic Drive,stiga-tornado-9121-w-688cc-121cm-twin-cylinder-side-discharge-garden-tractor-with-hydrostatic-drive,"Best Garden Tractor Deals, Best Mulching Garden Tractors, Garden Tractor Deals, Stiga Garden Tractors, Stiga Lawn & Garden Tractors",2T1950381/ST1,no,would_tag,
gid://shopify/Product/8321730379943,Atco Liner 16S Li KIT 48v Cordless Self-Propelled Roller Lawnmower (Inc. Batteries & Charger),atco-liner-16s-li-kit-48v-1500w-41cm-cordless-self-propelled-rear-roller-lawnmower-including-2-x-batteries-and-charger,"Atco, Battery-Powered Cordless Lawnmowers, Best Cordless Battery Lawnmower Deals",AT-299439077/AT1,no,would_tag,
gid://shopify/Product/8321730478247,Atco Liner 18S Li KIT 48v Cordless Self-Propelled Roller Lawnmower (Inc. Batteries & Charger),https-www-mowdirect-co-uk-atco-liner-18s-li-kit-48v-1500w-cordless-self-propelled-rear-roller-lawnmower-including-2-x-batteries-and-charger-html,"Atco, Battery-Powered Cordless Lawnmowers, Best Cordless Battery Lawnmower Deals",AT-299489077/AT1,no,would_tag,
gid://shopify/Product/8321732018343,Atco GT 30H Rear-Collect Lawn Tractor with Hydrostatic Drive,atco-gt-30h-432cc-84cm-rear-collect-twin-blade-lawn-tractor-with-hydrostatic-drive,"Atco, Best Rear Collect Lawn Tractors, Garden Machinery For Next Day Delivery, Lawn Tractor Deals, Lawn Tractors",AT-2T2110447/AT2,no,would_tag,
gid://shopify/Product/15619996778869,**SHOP SOILED** Atco GT 30H Rear-Collect Lawn Tractor with Hydrostatic Drive,shop-soiled-atco-gt-30h-rear-collect-lawn-tractor-with-hydrostatic-drive,"Atco, Best Rear Collect Lawn Tractors, Garden Machinery For Next Day Delivery, Lawn Tractor Deals, Lawn Tractors",AT-2T2110447/AT2,no,would_tag,
gid://shopify/Product/8321732247719,Atco GT 38H Rear-Collect V-Twin Garden Tractor with Hydrostatic Drive,atco-gt-38h-98cm-586cc-rear-collect-v-twin-garden-tractor-with-hydrostatic-drive,"Atco, Best Garden Tractor Deals, Best Rear Collect Garden Tractors, Garden Machinery For Next Day Delivery, Garden Tractor Deals, Garden Tractors, Winter Sale",AT-2T2630447/AT2,no,would_tag,
gid://shopify/Product/8321736147111,Atco Liner 19SH V Variable-Speed Petrol Rear-Roller Lawnmower (Honda Engine),atco-liner-19sh-v-167cc-48cm-variable-speed-petrol-rear-roller-lawnmower-with-honda-engine,"Atco, Best Petrol Lawmower Deals, Garden Machinery For Next Day Delivery, Petrol Rear-Roller Rotary Lawnmowers, Petrol Roller Lawnmower Deals, Twinclip Roller Range",C-294519037/AT1,no,would_tag,
gid://shopify/Product/8321736048807,Atco Liner 22SH V Variable-Speed Petrol Rear-Roller Lawnmower (Honda Engine),atco-liner-22sh-v-201cc-53cm-variable-speed-petrol-rear-roller-lawnmower-honda-engine,"Atco, Best Petrol Lawmower Deals, Best Self Propelled Rear Roller Petrol Lawnmowers, Best Variable Speed Rear Roller Petrol Lawnmowers, Garden Machinery For Next Day Delivery, Petrol Rear-Roller Rotary Lawnmowers, Petrol Roller Lawnmower Deals",C-294569037/AT1,no,would_tag,
gid://shopify/Product/14978351923573,Atco Liner 16S Self-Propelled Petrol Rear-Roller Lawnmower,mountfield-s421r-pd-self-propelled-petrol-rear-roller-lawnmower-copy,"Atco, Best Push Rear Roller Petrol Lawnmowers, Lawn Mowers, Petrol Rear-Roller Rotary Lawnmowers, Petrol Roller Lawnmower Deals",C-299439047/AT1,no,would_tag,
gid://shopify/Product/15084256362869,Atco Liner 18SH Self-Propelled Petrol Rear-Roller Lawnmower,atco-liner-18sh-self-propelled-petrol-rear-roller-lawnmower,,C-299489037/AT9,no,would_tag,
gid://shopify/Product/8321563066535,Stiga Estate 598 W Rear-Collect V-Twin Garden Tractor with Hydrostatic Drive,stiga-estate-598-w-586cc-98cm-twin-cylinder-rear-collect-garden-tractor-with-hydrostatic-drive,"Best Garden Tractor Deals, Best Mulching Garden Tractors, Garden Tractor Deals, Stiga Garden Tractors, Stiga Lawn & Garden Tractors",C-2T2630481/ST2,no,would_tag,
gid://shopify/Product/8321665630375,Mountfield C 215 DU 20v Freedom 100 Dual Standard Charger,mountfield-c-215-du-20v-freedom-100-dual-standard-battery-charger,,MF-271021100/21,no,would_tag,
gid://shopify/Product/8321631256743,Mountfield MTR 20 Li KIT 20v Cordless Grass-Trimmer (Inc. Battery & Charger),mountfield-mtr-20-li-20v-cordless-battery-powered-grass-trimmer,"Cordless Garden Machines & Power Tools, Cordless Handheld Garden Machines, Mountfield Cordless Brushcutters & Grass-Trimmers, Mountfield Grass Trimmers & Brushcutters",MF-271102203/MUK,no,would_tag,
gid://shopify/Product/8321630109863,Mountfield MHT 20 Li KIT 20v Cordless Hedgetrimmer (Inc. Battery & Charger),mountfield-mht-20-li-cordless-hedgetrimmer,"Battery-Powered Cordless Hedgetrimmers, Cordless Garden Machines & Accessories, Cordless Garden Machines & Power Tools, Cordless Handheld Garden Machines, Mountfield Hedgetrimmers, Winter Garden Care",MF-271302203/MUK,no,would_tag,
gid://shopify/Product/8321629749415,Mountfield MAB 20 Li Cordless Leaf-Blower,mountfield-mab-20-li-cordless-leaf-blower,"Blower & Vacs | MowDirect Black Friday Garden Deals, Cordless Garden Machines & Accessories, Cordless Garden Machines & Power Tools, Cordless Handheld Garden Machines, Hand Held Garden Blower-Vac Deals, Mountfield Hand-Held Blower-Vacs, Winter Garden Care",MF-271504203/MUK,no,would_tag,
gid://shopify/Product/8321631027367,"Mountfield MMT 20 Li KIT 20v Cordless Multi-Tool (Inc, Battery & Charger)",mountfield-mmt-20-li-20v-2-in-1-cordless-battery-powered-multi-tool,"Battery-Powered Cordless Hedgetrimmers, Cordless Battery Chainsaws, Cordless Garden Machines & Power Tools, Cordless Handheld Garden Machines, Garden Multi-Tool Sets, Long-Reach Hedgecutters & Hedgetrimmers, Mountfield Chainsaws & Pole Pruners, Mountfield Hedgetrimmers, Tree Pruners",MF-271724203/MUK,no,would_tag,
gid://shopify/Product/8321626603687,Mountfield B440 48v/4Ah Freedom 500 Lithium-Ion Battery,mountfield-b440-48v-4ah-freedom-500-lithium-ion-battery,,MF-274014004/ST1,no,would_tag,
gid://shopify/Product/8321734049959,Mountfield TR 425 HJ 4-Stroke Curved-Shaft Petrol Grass-Trimmer (Honda Engine),mountfield-tr-425-hj-4-stroke-curved-shaft-petrol-grass-trimmer,"Mountfield Brushcutters & Line Trimmers, Mountfield Grass Trimmers & Brushcutters, Petrol Brushcutter Deals",MF-281210003/21,no,would_tag,
gid://shopify/Product/8321732739239,Mountfield BC 425 HJ 4-Stroke Petrol Brushcutter (Honda Engine),mountfield-bc-425-hj-25cc-4-stroke-loop-handle-petrol-brushcutter,"Best Loop & Bar Handle Petrol Brushcutters & Line Trimmers, Mountfield Brushcutters & Line Trimmers, Mountfield Grass Trimmers & Brushcutters, Petrol Brushcutter Deals",MF-281220003/21,no,would_tag,
gid://shopify/Product/8321733230759,Mountfield BC 425 HD 4-Stroke Petrol Brushcutter (Honda Engine),mountfield-bc-425-hd-25cc-4-stroke-double-handle-petrol-brushcutter,"Best Loop & Bar Handle Petrol Brushcutters & Line Trimmers, Mountfield Brushcutters & Line Trimmers, Mountfield Grass Trimmers & Brushcutters, Petrol Brushcutter Deals",MF-281221003/21,no,would_tag,
gid://shopify/Product/8321733525671,Mountfield BC 435 H 4-Stroke Petrol Brushcutter (Honda Engine),mountfield-bc-435-h-35cc-4-stroke-loop-handle-petrol-brushcutter,"Best Loop & Bar Handle Petrol Brushcutters & Line Trimmers, Mountfield Brushcutters & Line Trimmers, Mountfield Grass Trimmers & Brushcutters, Petrol Brushcutter Deals",MF-281320003/21,no,would_tag,
gid://shopify/Product/8321733329063,Mountfield BC 435 HD 4-Stroke Petrol Brushcutter (Honda Engine),mountfield-bc-435-hd-35cc-4-stroke-double-handle-petrol-brushcutter,"Best Loop & Bar Handle Petrol Brushcutters & Line Trimmers, Mountfield Brushcutters & Line Trimmers, Mountfield Grass Trimmers & Brushcutters, Petrol Brushcutter Deals",MF-281321003/21,no,would_tag,
gid://shopify/Product/8321733656743,Mountfield BC 450 H 4-Stroke Petrol Brushcutter (Honda Engine),mountfield-bc-450-h-50cc-4-stroke-loop-handle-petrol-brushcutter,"Best Loop & Bar Handle Petrol Brushcutters & Line Trimmers, Mountfield Brushcutters & Line Trimmers, Mountfield Grass Trimmers & Brushcutters, Petrol Brushcutter Deals",MF-281520003/21,no,would_tag,
gid://shopify/Product/8321733951655,Mountfield BC 450 HD 4-Stroke Petrol Brushcutter (Honda Engine),mountfield-bc-450-hd-50cc-4-stroke-double-handle-petrol-brushcutter,"Best Loop & Bar Handle Petrol Brushcutters & Line Trimmers, Mountfield Brushcutters & Line Trimmers, Mountfield Grass Trimmers & Brushcutters, Petrol Brushcutter Deals",MF-281521003/21,no,would_tag,
gid://shopify/Product/8321059455143,Mountfield MMT 2605 5-in-1 Petrol Multi-Tool,mountfield-mmt-2605-5-in-1-petrol-multi-tool,"Garden Multi-Tool Sets, Mountfield Brushcutters & Line Trimmers, Mountfield Petrol Multi-Tool Set",MF-287120153/M16,no,would_tag,
gid://shopify/Product/8321625915559,Mountfield Electress 30 Li 20v Hand-Propelled Cordless Lawnmower (Inc. Battery & Charger),mountfield-electress-30li-20v-30cm-hand-propelled-cordless-battery-powered-lawnmower,"Battery-Powered Cordless Lawnmowers, Cordless Garden Machines & Power Tools, Cordless Lawnmowers, Mountfield, Mountfield Cordless Battery Lawnmowers, Mountfield Lawnmowers",MF-291302063/M21,no,would_tag,
gid://shopify/Product/8321626046631,Mountfield Electress 34 Li KIT 20v Hand-Propelled Cordless Lawnmower (Inc. Batteries & Charger),mountfield-electress-34li-20v-34cm-hand-propelled-cordless-battery-powered-lawnmower,"Battery-Powered Cordless Lawnmowers, Cordless Garden Machines & Power Tools, Cordless Lawnmowers, Mountfield, Mountfield Cordless Battery Lawnmowers, Mountfield Lawnmowers",MF-291342063/M21,no,would_tag,
gid://shopify/Product/8321626243239,Mountfield Electress 38 Li KIT 20v Hand-Propelled Cordless Lawnmower (Inc. Batteries & Charger),mountfield-electress-38li-38cm-hand-propelled-cordless-battery-powered-lawnmower,"Battery-Powered Cordless Lawnmowers, Cordless Garden Machines & Power Tools, Cordless Lawnmowers, Mountfield, Mountfield Cordless Battery Lawnmowers, Mountfield Lawnmowers",MF-291382063/M21,no,would_tag,
gid://shopify/Product/8321625784487,Mountfield Empress 46 Li KIT 4-in-1 Self-Propelled Cordless Lawnmower (Inc. 2 x Batteries & Charger),mountfield-empress-46-li-kit-48v-46cm-4-in-1-self-propelled-cordless-battery-powered-lawnmower,"Battery-Powered Cordless Lawnmowers, Cordless Garden Machines & Power Tools, Cordless Lawnmowers, Mountfield, Mountfield Cordless Battery Lawnmowers, Mountfield Lawnmowers",MF-299489073/M22,no,would_tag,
gid://shopify/Product/14873206882677,Mountfield 1328H Compact Rear-Collect Ride-On Mower with Hydrostatic Drive,mountfield-1328h-compact-rear-collect-ride-on-mower-with-hydrostatic-drive,"Black Friday, Black Friday 2019, Mountfield Rear Engine Riders, Mountfield Ride On Mowers, Mountfield Ride-On Mowers & Lawn Tractors, Ride On Mowers and Garden Tractors, Ride-on Mower Deals",MF-2T0210483/M22,no,would_tag,
gid://shopify/Product/14873206980981,Mountfield 1538M-SD Side-Discharge Lawn Tractor with Manual Drive,mountfield-1538m-sd-side-discharge-lawn-tractor-with-manual-drive,"Lawn Tractor Deals, Mountfield Lawn Tractors, Mountfield Ride-On Mowers, Mountfield Ride-On Mowers & Lawn Tractors",MF-2T0510483/M25,no,would_tag,
gid://shopify/Product/14873207112053,Mountfield 1538H-SD Side-Discharge Lawn Tractor with Hydrostatic Drive,mountfield-1538h-sd-side-discharge-lawn-tractor-with-hydrostatic-drive,"Lawn Tractor Deals, Mountfield Lawn Tractors, Mountfield Ride-On Mowers, Mountfield Ride-On Mowers & Lawn Tractors",MF-2T0620483/M25,no,would_tag,
gid://shopify/Product/14873207275893,Mountfield 1738H Rear-Collect V-Twin Garden Tractor with Hydrostatic Drive,mountfield-1738h-rear-collect-v-twin-garden-tractor-with-hydrostatic-drive,"Garden Tractor Deals, Mountfield Garden Tractors, Mountfield Ride-On Mowers & Lawn Tractors",MF-2T0830483/M25,no,would_tag,
gid://shopify/Product/14873207374197,Mountfield 2240H Rear-Collect V-Twin Garden Tractor with Hydrostatic Drive,mountfield-2240h-rear-collect-v-twin-garden-tractor-with-hydrostatic-drive,"Garden Tractor Deals, Mountfield Garden Tractors, Mountfield Ride On Mowers, Mountfield Ride-On Mowers & Lawn Tractors",MF-2T0980483/M25,no,would_tag,
gid://shopify/Product/14873207538037,Mountfield 1543H-SD Side-Discharge Lawn Tractor with Hydrostatic Drive,mountfield-1543h-sd-side-discharge-lawn-tractor-with-hydrostatic-drive,"Best Mulching Lawn Tractors, Best Side Discharge Lawn Tractors, Black Friday, Black Friday 2019, Black Friday 2021, Chipperfield, Lawn & Garden Tractors, Lawn Tractor Deals, Mountfield, Mountfield Lawn Tractors, Mountfield Ride On Mowers, Mountfield Ride-On Mowers & Lawn Tractors, Mountfield SD Models, Ride On Mowers, Top Ride-On Lawnmowers - Lowest Prices Online!",MF-2T1210483/M25,no,would_tag,
gid://shopify/Product/14873207865717,Mountfield 1530H Rear-Collect Lawn Tractor with Hydrostatic Drive,mountfield-1530h-rear-collect-lawn-tractor-with-hydrostatic-drive,"Best Buys from MowDirect, Free Brushcutter and Trimmer with selected Ride-on and Garden Tractors, Lawn Tractor Deals, Mountfield Lawn Tractors, Mountfield Ride On Mowers, Mountfield Ride-On Mowers & Lawn Tractors, Ride On Mowers and Garden Tractors",MF-2T2120483/M25,no,would_tag,
gid://shopify/Product/14873207964021,Mountfield 1538H Rear-Collect Lawn Tractor with Hydrostatic Drive,mountfield-1538h-rear-collect-lawn-tractor-with-hydrostatic-drive,"Lawn Tractor Deals, Lawn Tractors / Ride on Mowers, Mountfield Lawn Tractors, Mountfield Ride On Mowers, Mountfield Ride-On Mowers & Lawn Tractors, Ride On Mowers and Garden Tractors",MF-2T2620483/M25,no,would_tag,
gid://shopify/Product/14873208258933,Mountfield 1638H Rear-Collect V-Twin Garden Tractor with Hydrostatic Drive,mountfield-1638h-rear-collect-v-twin-garden-tractor-with-hydrostatic-drive,"Garden Tractor Deals, Mountfield Garden Tractors, Mountfield Ride On Mowers, Mountfield Ride-On Mowers & Lawn Tractors, Ride On Mowers and Garden Tractors, Top Ride-On Lawnmowers - Lowest Prices Online!",MF-2T2630483/M22,no,would_tag,
gid://shopify/Product/15248343236981,SHOP SOILED Mountfield 1638H Rear-Collect V-Twin Garden Tractor with Hydrostatic Drive - INCLUDING FREE PETROL BLOWER VAC WORTH £119.95!!,shop-soiled-mountfield-1638h-rear-collect-v-twin-garden-tractor-with-hydrostatic-drive,"Garden Tractor Deals, Mountfield Garden Tractors, Mountfield Ride On Mowers, Mountfield Ride-On Mowers & Lawn Tractors, Ride On Mowers and Garden Tractors, Top Ride-On Lawnmowers - Lowest Prices Online!",MF-2T2630483/M22,no,would_tag,
gid://shopify/Product/8320829292711,Mountfield Princess 34 Li KIT 48v Cordless 4-Wheel Rear-Roller Lawnmower (Inc. Battery & Charger),mountfield-princess-34li-48v-34cm-cordless-battery-powered-four-wheel-rear-roller-lawn-mower,"Battery-Powered Cordless Lawnmowers, Cordless Garden Machines & Power Tools, Cordless Lawnmowers, Mountfield, Mountfield Battery Powered Lawnmowers, Mountfield Cordless Battery Lawnmowers, Mountfield Freedom 48 Cordless Garden System",MF-34LI-F48,no,would_tag,
gid://shopify/Product/8320831914151,Mountfield Manor Compact 36 V Petrol Front-Tine Cultivator,mountfield-manor-compact-36-v-123cc-36cm-petrol-front-tine-cultivator,"Best Front Tine Tiller Deals, Front-Tine Tillers, Machinery With Up To 50% Discount | MowDirect Black Friday Garden Deals, Mountfield Cultivators",MF-MANOR-COMPACT-36,no,would_tag,
gid://shopify/Product/8320806748327,Mountfield Princess 34 Electric 4-Wheel Roller Lawnmower,mountfield-princess-34-1400w-34cm-mains-electric-4-wheel-roller-lawnmower,"Best Homeowner Electric Four-Wheel Lawn Mowers, Electric Four-Wheel Lawn Mower Deals, Electric Four-Wheel Rotary Lawn Mower Best Sellers, Electric Roller Lawn Mower Deals, Mains-Electric Rear-Roller Rotary Lawnmowers, Mountfield, Mountfield Electric Four-Wheel Lawn Mowers, Mountfield Electric Powered Lawnmowers, Mountfield Electric Rear-Roller Lawnmowers, Mountfield Mains-Electric Lawnmowers",MF-PRINCESS-34,no,would_tag,
gid://shopify/Product/8320806650023,Mountfield Princess 38 Electric 4-Wheel Roller Lawnmower,mountfield-princess-38-1600w-38cm-electric-4-wheel-roller-lawnmower,"Best Electric Four-Wheel Lawn Mower Deals, Best Electric Lawn Mower Deals, Best Electric Rear-Roller Lawn Mower Deals, Best Homeowner Electric Rear-Roller Lawn Mowers, Electric Four-Wheel Lawn Mower Deals, Electric Rear-Roller Rotary Lawn Mower Best Sellers, Electric Roller Lawn Mower Deals, Mains-Electric Rear-Roller Rotary Lawnmowers, Mountfield, Mountfield Electric Four-Wheel Lawn Mowers, Mountfield Electric Powered Lawnmowers, Mountfield Electric Rear-Roller Lawnmowers, Mountfield Mains-Electric Lawnmowers",MF-PRINCESS-38,no,would_tag,
gid://shopify/Product/15664466493813,Stiga Park 500 W V-Twin Front-Cut Ride-On Lawnmower Including Combi 100 Q Plus Deck,stiga-park-500-w-v-twin-front-cut-ride-on-lawnmower-including-combi-100-q-plus-deck,"Best Front Cut Ride-on Mower Deals, Stiga Front-Cut Ride-On Mowers, Stiga Sit-On Lawnmowers with Out-Front Decks",PARK500W_100COMBI,no,would_tag,
gid://shopify/Product/14873211142517,Stiga Silex 87 G Scythe Mower,stiga-silex-87-g-scythe-mower,"Rough / Long Grass cutters, Scythe Mowers, Sickle Bar / Scythe Mowers, Stiga Brushcutters & Line Trimmers",STIG-210870042/ST2,no,would_tag,
gid://shopify/Product/8321722810535,Stiga SVP 40 G Petrol Scarifier,stiga-svp-40-g-182cc-40cm-petrol-lawn-scarifier,"Aerator and Scarifier Deals, Best Aerator and Scarifier Deals, Stiga Lawn Scarifiers",STIG-211400248/ST1,no,would_tag,
gid://shopify/Product/8321718681767,Stiga SRC 685 RG Petrol Front-Tine Tiller,stiga-src-685-rg-182cc-85cm-petrol-front-tine-tiller,"Best Front Tine Tiller Deals, Cultivators Tillers & Rotavators, Front-Tine Tillers",STIG-213851142/ST1,no,would_tag,
gid://shopify/Product/8321724743847,Stiga SWS 600 G Self-Propelled Sweeper,stiga-sws-600-g-212cc-60cm-8-speed-self-propelled-sweeper,"Leaf Sweepers | Push Towed & Powered, Snow Blowers / Snow Throwers / Snow Sweepers, Wheeled Lawn & Litter Vacuums and Leaf Sweepers",STIG-219602532/S17,no,would_tag,
gid://shopify/Product/8321721335975,"Stiga PR 730 Top-Handle Petrol Arborist’s Chainsaw with 3/8"" Chain (25cm Guide Bar)",stiga-pr-730-27cc-1hp-top-handle-petrol-arborists-chainsaw-with-25cm-guide-bar,"Best Landscaping & Agriculture Petrol Chainsaws, Best Petrol Chainsaw Deals, Best Premium Petrol Chainsaws, Petrol Chainsaw Deals, Stiga Chainsaws, Stiga Petrol Chainsaw",STIG-240271002/ST2,no,would_tag,
gid://shopify/Product/8321721532583,"Stiga PR 730 C Top-Handle Petrol Arborist’s Chainsaw with 1/4"" Chain (25cm Guide Bar)",stiga-pr-730-c-27cc-1hp-top-handle-petrol-arborists-chainsaw-with-25cm-guide-bar,"Best Landscaping & Agriculture Petrol Chainsaws, Best Petrol Chainsaw Deals, Best Premium Petrol Chainsaws, Petrol Chainsaw Deals, Stiga Chainsaws, Stiga Petrol Chainsaw",STIG-240271012/ST2,no,would_tag,
gid://shopify/Product/8321173323943,Stiga CS 540 Petrol Chainsaw (35cm Guide Bar),stiga-cs-540-entry-level-petrol-chainsaw-35cm-guide-bar,"Best Homeowner Petrol Chainsaws, Best Petrol Chainsaw Deals, Chainsaws | MowDirect Black Friday Garden Deals, Petrol Chainsaw Deals, Stiga Chainsaws, Stiga Petrol Chainsaw",STIG-240381402/ST1,no,would_tag,
gid://shopify/Product/8321722253479,Stiga CS 545 Petrol Chainsaw (40cm Guide Bar),stiga-cs-545-42cc-petrol-chainsaw-with-40cm-guide-bar,"Best Landscaping & Agriculture Petrol Chainsaws, Best Petrol Chainsaw Deals, Petrol Chainsaw Deals, Stiga Chainsaws, Stiga Petrol Chainsaw",STIG-240421602/ST1,no,would_tag,
gid://shopify/Product/8321179123879,Stiga CS 750 Petrol Chainsaw (45cm Guide Bar),stiga-cs-750-47cc-mid-range-petrol-chainsaw-with-45cm-guide-bar,"Best Petrol Chainsaw Deals, Chainsaws | MowDirect Black Friday Garden Deals, Petrol Chainsaw Deals, Stiga Chainsaws, Stiga Petrol Chainsaw",STIG-240461802/ST1,no,would_tag,
gid://shopify/Product/8321182498983,Stiga CS 755 Petrol Chainsaw (45cm Guide Bar),stiga-cs-755-52cc-petrol-chainsaw-with-50cm-guide-bar,"Best Landscaping & Agriculture Petrol Chainsaws, Best Petrol Chainsaw Deals, Chainsaws | MowDirect Black Friday Garden Deals, Petrol Chainsaw Deals, Stiga Chainsaws, Stiga Petrol Chainsaw",STIG-240521802/ST1,no,would_tag,
gid://shopify/Product/8321722515623,Stiga HT 525 Petrol Hedgetrimmer (60cm Blades),stiga-ht-525-23cc-petrol-hedgetrimmer-60cm-blades,"Best Double Sided Petrol Hedgecutters, Best Petrol Hedgetrimmer Deals, Petrol Hedgecutter Deals, Stiga Hedgetrimmers, Stiga Petrol Hedgecutters",STIG-252421008/ST2,no,would_tag,
gid://shopify/Product/8321664450727,Stiga BL 530 V Petrol Blower-Vac,stiga-bl-530-v-handheld-petrol-blower-vacuum,"Best Garden Gifts for Father's Day 2020, Best Hand-held Blower-Vac Deals, Best Petrol Hand Held Garden Blower-Vacs, Black Friday 2019, Blower & Vacs | MowDirect Black Friday Garden Deals, Hand Held Garden Blower-Vac Deals, Leaf & Debris Clearance | Winter Garden Care, STIGA Handheld Garden Blower-Vacs, Winter Garden Care",STIG-255127002/ST1,no,would_tag,
gid://shopify/Product/8321664647335,Stiga BL 530 Petrol Leaf-Blower,stiga-bl-530-28cc-handheld-petrol-leaf-blower,"Best Garden Gifts for Father's Day 2020, Black Friday 2019, Blower & Vacs | MowDirect Black Friday Garden Deals, Hand Held Garden Blower-Vac Deals, STIGA Handheld Garden Blower-Vacs, Winter Garden Care",STIG-255127092/ST2,no,would_tag,
gid://shopify/Product/8321664680103,Stiga BL 980 R Backpack Blower,stiga-bl-980-r-petrol-backpack-blower,"Backpack Power Leaf Blower Deals, Best Backpack Leaf Blower Deals, Best Backpack Leaf Blowers, Blower & Vacs | MowDirect Black Friday Garden Deals, Winter Garden Care",STIG-255175102/ST1,no,would_tag,
gid://shopify/Product/8321717076135,Stiga E22 20v/2Ah ePower Lithium-Ion Battery | 271012008/ST1,stiga-e22-20v-2ah-epower-lithium-ion-battery-271012008-st1,,STIG-271012008/ST1,no,would_tag,
gid://shopify/Product/8321717272743,Stiga E24 20v/4Ah ePower Lithium-Ion Battery | 271014008/ST1,stiga-e24-20v-4ah-epower-lithium-ion-battery-271014008-st1,,STIG-271014008/ST1,no,would_tag,
gid://shopify/Product/8321717534887,Stiga C 215 SU 20v ePower Single-Port Battery Charger | 271021000/21,stiga-c-215-su-20v-epower-single-port-battery-charger-271021000-21,,STIG-271021000/21,no,would_tag,
gid://shopify/Product/8321717371047,Stiga C 215 DU 20v ePower Twin-Port Battery Charger | 271021100/21,stiga-c-215-du-20v-epower-twin-port-battery-charger-271021100-21,,STIG-271021100/21,no,would_tag,
gid://shopify/Product/8321717633191,Stiga GT 100e KIT 20v 2-in-1 Cordless Grass-Trimmer & Lawn Edger (Inc. Battery & Charger),stiga-gt-100e-kit-20v-2-in-1-cordless-grass-trimmer-lawn-edger-including-battery-and-charger,"Best Cordless Grass Trimmer Deals, Cordless Strimmers & Brushcutters",STIG-271102218/UKS,no,would_tag,
gid://shopify/Product/8321718452391,Stiga HT 100e KIT 20v Cordless Hedgetrimmer (Inc. Battery & Charger),stiga-ht-100e-kit-20v-cordless-hedgetrimmer-with-70cm-blades-including-battery-and-charger,"Battery-Powered Cordless Hedgetrimmers, Best Cordless Hedgetrimmer Deals, Stiga Hedgetrimmers",STIG-271302218/UKS,no,would_tag,
gid://shopify/Product/8321716912295,Stiga BL 100e KIT 20v Cordless Leaf-Blower (Inc. Battery & Charger),stiga-bl-100e-kit-20v-cordless-leaf-blower-including-battery-and-charger,"Best Hand-held Blower-Vac Deals, Hand Held Garden Blower-Vac Deals, STIGA Handheld Garden Blower-Vacs",STIG-271504218/UKS,no,would_tag,
gid://shopify/Product/8321717010599,Stiga VS 100e KIT 20v Cordless Blower-Vac (Inc. 2 x Batteries & Charger),stiga-vs-100e-kit-20v-cordless-blower-vac-including-2-x-batteries-and-charger,"Best Hand-held Blower-Vac Deals, Hand Held Garden Blower-Vac Deals, STIGA Handheld Garden Blower-Vacs",STIG-271504298/UKS,no,would_tag,
gid://shopify/Product/8321718616231,Stiga MT 100e KIT 20v Cordless Multi-Tool (Inc. Battery & Charger),stiga-mt-100e-kit-20v-cordless-multi-tool-including-battery-and-charger,"Battery-Powered Cordless Hedgetrimmers, Best Cordless Chainsaw Deals, Best Cordless Hedgetrimmer Deals, Best Long Reach Hedgecutter Deals, Cordless Battery Chainsaws, Long-Reach Hedgecutters & Hedgetrimmers, Stiga Chainsaws, Stiga Hedgetrimmers, Tree Pruners",STIG-271724218/UKS,no,would_tag,
gid://shopify/Product/8321693548711,Stiga E420 48v/2Ah ePower Lithium-Ion Battery | 274012004/ST1,stiga-e420-48v-2ah-lithium-ion-battery,,STIG-274012004/ST1,no,would_tag,
gid://shopify/Product/14873211240821,Stiga GT 500e KIT 48v Cordless Grass-Trimmer (Inc. Battery & Charger),stiga-gt-500e-kit-48v-cordless-grass-trimmer-inc-battery-charger,"Best Cordless Grass Trimmer Deals, Cordless Handheld Garden Machines, Cordless Strimmers & Brushcutters, Stiga Brushcutters & Line Trimmers",STIG-278102208/UKS,no,would_tag,
gid://shopify/Product/14873211371893,Stiga HT 500e KIT 48v Cordless Hedgetrimmer (Inc. Battery & Charger),stiga-ht-500e-kit-48v-cordless-hedgetrimmer-inc-battery-charger,"Battery-Powered Cordless Hedgetrimmers, Best Cordless Hedgetrimmer Deals, Stiga Hedgetrimmers",STIG-278302208/UKS,no,would_tag,
gid://shopify/Product/14873211568501,Stiga BL 500e KIT 48v Cordless Leaf-Blower (Inc. Battery & Charger),stiga-bl-500e-kit-48v-cordless-leaf-blower-inc-battery-charger,"Battery Hand Held Garden Blower-Vacs, Hand Held Garden Blower-Vac Deals, STIGA Handheld Garden Blower-Vacs",STIG-278502208/UKS,no,would_tag,
gid://shopify/Product/8321719074983,Stiga BC 730 Petrol Brushcutter,stiga-bc-730-25cc-loop-handled-petrol-brushcutter-including-line-head-and-blade,"Best Loop & Bar Handle Petrol Brushcutters & Line Trimmers, Best Petrol Brushcutter Deals, Petrol Brushcutter Deals, Stiga Brushcutters & Line Trimmers",STIG-283220008/ST1,no,would_tag,
gid://shopify/Product/8321719173287,Stiga BC 730 B Petrol Brushcutter,stiga-bc-730-b-25cc-double-handled-petrol-brushcutter-including-line-head-and-blade,"Best Cowhorn Double Handle Petrol Brushcutters & Line Trimmers, Best Petrol Brushcutter Deals, Petrol Brushcutter Deals, Stiga Brushcutters & Line Trimmers",STIG-283221008/ST1,no,would_tag,
gid://shopify/Product/8321087111335,Stiga BC 740 B Petrol Brushcutter,stiga-bc-740-b-35cc-double-handled-petrol-brushcutter,"Best Cowhorn Double Handle Petrol Brushcutters & Line Trimmers, Best Petrol Brushcutter Deals, Brushcutters | MowDirect Black Friday Garden Deals, Petrol Brushcutter Deals, Petrol Brushcutters & Line Trimmers, Stiga Brushcutters & Line Trimmers",STIG-283321008/ST2,no,would_tag,
gid://shopify/Product/8321719271591,Stiga BC 750 B Petrol Brushcutter,stiga-bc-750-b-45cc-double-handled-petrol-brushcutter-including-line-head-and-blade,"Best Cowhorn Double Handle Petrol Brushcutters & Line Trimmers, Best Petrol Brushcutter Deals, Petrol Brushcutter Deals, Stiga Brushcutters & Line Trimmers",STIG-283424008/ST2,no,would_tag,
gid://shopify/Product/8321719435431,Stiga BC 760 B Petrol Brushcutter,stiga-bc-760-b-53cc-double-handled-petrol-brushcutter-including-line-head-and-blade,"Best Cowhorn Double Handle Petrol Brushcutters & Line Trimmers, Best Petrol Brushcutter Deals, Petrol Brushcutter Deals, Stiga Brushcutters & Line Trimmers",STIG-283524008/ST3,no,would_tag,
gid://shopify/Product/8321096745127,Stiga GT 330 A Curved-Shaft Petrol Grass-Trimmer,stiga-gt-330-a-25cc-curved-shaft-petrol-grass-trimmer,"Best Loop Handle Petrol Brushcutters & Line Trimmers, Best Petrol Brushcutter Deals, Petrol Brushcutter Deals, Stiga Brushcutters & Line Trimmers",STIG-287110102/ST2,no,would_tag,
gid://shopify/Product/8321664843943,Stiga BC 330 A Petrol Brushcutter,stiga-bc-330-a-loop-handled-petrol-brushcutter,"Best Loop & Bar Handle Petrol Brushcutters & Line Trimmers, Best Petrol Brushcutter Deals, Brushcutters | MowDirect Black Friday Garden Deals, Petrol Brushcutter Deals, Petrol Brushcutters & Line Trimmers, Stiga Brushcutters & Line Trimmers",STIG-287120102/ST2,no,would_tag,
gid://shopify/Product/8321101234343,Stiga BC 330 AB Petrol Brushcutter,stiga-bc-330-ab-25cc-double-handled-petrol-brushcutter,"Best Cowhorn Double Handle Petrol Brushcutters & Line Trimmers, Best Petrol Brushcutter Deals, Brushcutters | MowDirect Black Friday Garden Deals, Petrol Brushcutter Deals, Stiga Brushcutters & Line Trimmers",STIG-287121102/ST2,no,would_tag,
gid://shopify/Product/8321145766055,Stiga BC 535 Petrol Brushcutter,stiga-bc-535-33cc-loop-handled-petrol-brushcutter,"Best Loop & Bar Handle Petrol Brushcutters & Line Trimmers, Best Petrol Brushcutter Deals, Brushcutters | MowDirect Black Friday Garden Deals, Petrol Brushcutter Deals, Stiga Brushcutters & Line Trimmers",STIG-287220002/ST1,no,would_tag,
gid://shopify/Product/8321664975015,Stiga BC 535 B Petrol Brushcutter,stiga-bc-535-b-33cc-double-handled-petrol-brushcutter,"Best Cowhorn Double Handle Petrol Brushcutters & Line Trimmers, Best Petrol Brushcutter Deals, Brushcutters | MowDirect Black Friday Garden Deals, Petrol Brushcutter Deals, Petrol Brushcutters & Line Trimmers, Stiga Brushcutters & Line Trimmers",STIG-287221002/ST1,no,would_tag,
gid://shopify/Product/8321665269927,Stiga BC 545 B Petrol Brushcutter,stiga-bc-545-b-43cc-double-handled-petrol-brushcutter,"Best Cowhorn Double Handle Petrol Brushcutters & Line Trimmers, Best Petrol Brushcutter Deals, Brushcutters | MowDirect Black Friday Garden Deals, Petrol Brushcutter Deals, Petrol Brushcutters & Line Trimmers, Stiga Brushcutters & Line Trimmers",STIG-287321002/ST1,no,would_tag,
gid://shopify/Product/8321724907687,Stiga Collection Box for SWS 600 G Self-Propelled Sweeper | 290602020/16,stiga-collection-box-for-sws-600-g-self-propelled-sweeper-290602020-16,,STIG-290602020/16,no,would_tag,
gid://shopify/Product/8321725071527,Stiga Front Blade for SWS 600 G Self-Propelled Sweeper | 290602030/16,stiga-front-blade-for-sws-600-g-self-propelled-sweeper-290602030-16,,STIG-290602030/16,no,would_tag,
gid://shopify/Product/8321154416807,Stiga Front Blade for SWS 800 G Self-Propelled Sweeper | 290802030/16,stiga-80cm-front-mounted-blade-for-sws-800-g-self-propelled-sweeper,Snow Ploughs,STIG-290802030/16,no,would_tag,
gid://shopify/Product/8321727266983,Stiga Collector 132e KIT 20v Cordless Lawnmower (Inc. Battery & Charger),stiga-collector-132e-kit-20v-350w-30cm-cordless-lawnmower-including-battery-and-charger,"Battery-Powered Cordless Lawnmowers, Best Cordless Battery Lawnmower Deals",STIG-291302168/UKS,no,would_tag,
gid://shopify/Product/8321689714855,Stiga Collector 136e KIT 20v Cordless Lawnmower (Inc. 2 x Batteries & Charger),stiga-collector-136e-20v-550w-34cm-cordless-battery-lawnmower,"Battery-Powered Cordless Lawnmowers, Best Cordless Battery Lawnmower Deals, Cordless Lawnmowers",STIG-291342168/UKS,no,would_tag,
gid://shopify/Product/8321727332519,Stiga Collector 140e KIT 20v Cordless Lawnmower (Inc. 2 x Batteries & Charger),stiga-collector-140e-kit-20v-550w-38cm-cordless-lawnmower-including-2-x-batteries-and-charger,"Battery-Powered Cordless Lawnmowers, Best Cordless Battery Lawnmower Deals",STIG-291382168/UKS,no,would_tag,
gid://shopify/Product/8321727365287,Stiga Combi 336e KIT 48v 3-in-1 Hand-Propelled Cordless Lawnmower (Inc. Battery & Charger),stiga-combi-336e-48v-860w-34cm-3-in-1-hand-propelled-cordless-lawnmower-including-battery-and-charger,"Battery-Powered Cordless Lawnmowers, Best Cordless Battery Lawnmower Deals, Stiga Combi Lawnmowers",STIG-294346068/UKS,no,would_tag,
gid://shopify/Product/8321727430823,Stiga Combi 340e KIT 48v 3-in-1 Hand-Propelled Cordless Lawnmower (Inc. Battery & Charger),stiga-combi-340e-kit-48v-860w-38cm-3-in-1-hand-propelled-cordless-lawnmower-including-battery-and-charger,"Battery-Powered Cordless Lawnmowers, Best Cordless Battery Lawnmower Deals, Stiga Combi Lawnmowers",STIG-294386068/UKS,no,would_tag,
gid://shopify/Product/8321727496359,Stiga Combi 344e KIT 48v 3-in-1 Hand-Propelled Cordless Lawnmower (Inc. Battery & Charger),stiga-combi-344e-kit-48v-1300w-42cm-3-in-1-hand-propelled-cordless-lawnmower-including-battery-and-charger,"Battery-Powered Cordless Lawnmowers, Best Cordless Battery Lawnmower Deals, Stiga Combi Lawnmowers",STIG-294426068/UKS,no,would_tag,
gid://shopify/Product/14873211732341,Stiga Twinclip 950e V KIT 48v 4-in-1 Variable-Speed Cordless Lawnmower (Inc. Batteries & Charger),stiga-twinclip-950e-v-kit-48v-4-in-1-variable-speed-cordless-lawnmower-inc-batteries-charger,"Battery-Powered Cordless Lawnmowers, Cordless Lawnmowers, Stiga Twinclip Lawnmowers",STIG-294513998/ST1,no,would_tag,
gid://shopify/Product/8321698300071,Stiga Twinclip 950e V 48v 4-in-1 Variable-Speed Cordless Lawnmower (Inc. Batteries & Charger),stiga-twinclip-950e-v-48v-48cm-4-in-1-variable-speed-cordless-lawnmower-including-batteries-and-charger,"Battery-Powered Cordless Lawnmowers, Cordless Lawnmowers, Stiga Twinclip Lawnmowers",STIG-294513998/UKS,no,would_tag,
gid://shopify/Product/8321728053415,Stiga Twinclip 950e VR KIT 48v Variable-Speed Cordless Rear-Roller Lawnmower (Inc. 2 x Batteries & Charger),stiga-twinclip-950e-vr-kit-48v-2200w-48cm-variable-speed-cordless-rear-roller-lawnmower-including-2-x-batteries-and-charger,"Battery-Powered Cordless Lawnmowers, Best Cordless Battery Lawnmower Deals, Stiga Twinclip Lawnmowers",STIG-294519198/ST1,no,would_tag,
gid://shopify/Product/8321728282791,Stiga Twinclip 955 VR Variable-Speed Petrol Rear-Roller Lawnmower,stiga-twinclip-955-vr-196cc-53cm-variable-speed-petrol-rear-roller-lawnmower,"Best Petrol Lawmower Deals, Best Petrol Rear Roller Lawnmower Deals, Best Self Propelled Rear Roller Petrol Lawnmowers, Best Variable Speed Rear Roller Petrol Lawnmowers, Stiga Rear-Roller Lawnmowers, Stiga Twinclip Lawnmowers",STIG-294569048/ST1,no,would_tag,
gid://shopify/Product/8321040285863,Stiga Multiclip 547 S Self-Propelled Petrol Mulching Lawnmower,stiga-multiclip-547-s-123cc-45cm-self-propelled-petrol-mulching-lawnmower,"Best Self-Propelled Mulching Petrol Lawn Mowers, STIGA Self-Propelled Lawnmowers, Self-Propelled 4-Wheel Petrol Lawnmower Deals, Stiga Multiclip Lawnmowers",STIG-298472048/ST2,no,would_tag,
gid://shopify/Product/8321022853287,Stiga Park Combi 100 Q Plus QuickFlip Cutter Deck | 2D6210021/ST2,stiga-park-combi-100-q-plus-quickflip-cutter-deck,"Stiga Attachments & Accessories for Park Front-Cut Ride-Ons & Mid-Deck Tractors, Stiga Sit-On Lawnmowers with Out-Front Decks",STIG-2D6210021/ST2,no,would_tag,
gid://shopify/Product/8321023410343,Stiga Park Combi Pro 110 Q Plus QuickFlip Cutter Deck | 2D6311021/ST2,stiga-park-combi-pro-110-q-plus-quickflip-cutter-deck,"Stiga Attachments & Accessories for Park Front-Cut Ride-Ons & Mid-Deck Tractors, Stiga Sit-On Lawnmowers with Out-Front Decks",STIG-2D6311021/ST2,no,would_tag,
gid://shopify/Product/8321023803559,Stiga Park Combi Pro 125 Q Plus QuickFlip Cutter Deck | 2D6312521/ST2,stiga-park-combi-pro-125-q-plus-quickflip-cutter-deck,"Stiga Attachments & Accessories for Park Front-Cut Ride-Ons & Mid-Deck Tractors, Stiga Sit-On Lawnmowers with Out-Front Decks",STIG-2D6312521/ST2,no,would_tag,
gid://shopify/Product/14873211896181,Stiga Park 300 LC Front-Cut Ride-On Lawnmower (Inc. 85cm Manual-Lift Deck),stiga-park-300-lc-front-cut-ride-on-lawnmower-inc-85cm-manual-lift-deck,"Best Front Cut Ride-on Mower Deals, Ride On Mowers and Garden Tractors, Stiga Front Cut Mowers, Stiga Front-Cut Ride-On Mowers, Stiga Park 2WD Front-Cut Ride-on Mowers, Stiga Ride-on Mowers, Stiga Sit-On Lawnmowers with Out-Front Decks, Stiga Villa Front-Cut Ride-on Mowers, Top Ride-On Lawnmowers - Lowest Prices Online!",STIG-2F5820245/ST1,no,would_tag,
gid://shopify/Product/14873212092789,Stiga Park 300 RC Front-Cut Ride-On Lawnmower (Inc. 95cm Electric-Lift Deck),stiga-park-300-rc-front-cut-ride-on-lawnmower-inc-95cm-electric-lift-deck,"Best Front Cut Ride-on Mower Deals, Ride On Mowers and Garden Tractors, Stiga Front Cut Mowers, Stiga Front-Cut Ride-On Mowers, Stiga Park 2WD Front-Cut Ride-on Mowers, Stiga Ride-on Mowers, Stiga Sit-On Lawnmowers with Out-Front Decks, Stiga Villa Front-Cut Ride-on Mowers, Top Ride-On Lawnmowers - Lowest Prices Online!",STIG-2F5820425/ST1,no,would_tag,
gid://shopify/Product/8320999194791,Stiga Park 500 Front-Cut Ride-On Lawnmower (Excluding Deck),stiga-park-500-432cc-single-cylinder-front-cut-ride-on-lawnmower-excluding-deck,"Black Friday 2019, Christmas Specials Promo, January Sales, Stiga Front-Cut Ride-On Mowers, Stiga Park 2WD Front-Cut Ride-on Mowers, Stiga Sit-On Lawnmowers with Out-Front Decks",STIG-2F6120545/ST2,no,would_tag,
gid://shopify/Product/8320859996327,Stiga Park 500 WX 4WD V-Twin Front-Cut Ride-On Lawnmower (Excluding Deck),stiga-park-500-wx-586cc-twin-cylinder-four-wheel-drive-front-cut-ride-on-lawnmower,"Best Front Cut Ride-on Mower Deals, Stiga Front-Cut Ride-On Mowers, Stiga Park 4WD Front-Cut Ride-on Mowers, Stiga Sit-On Lawnmowers with Out-Front Decks",STIG-2F6130645/ST2,no,would_tag,
gid://shopify/Product/8320997458087,Stiga Park 700 W V-Twin Front-Cut Ride-On Lawnmower (Excluding Deck),stiga-park-700-w-586cc-twin-cylinder-front-cut-ride-on-lawnmower-excluding-deck,"Stiga Front-Cut Ride-On Mowers, Stiga Park 2WD Front-Cut Ride-on Mowers, Stiga Sit-On Lawnmowers with Out-Front Decks",STIG-2F6220745/ST2,no,would_tag,
gid://shopify/Product/8321606123687,Stiga Park 700 WX 4WD V-Twin Front-Cut Ride-On Lawnmower (Excluding Deck),stiga-park-700-wx-586cc-twin-cylinder-four-wheel-drive-front-cut-ride-on-lawnmower-excluding-deck,"Black Friday 2019, Christmas Specials Promo, Stiga Front-Cut Ride-On Mowers, Stiga Park 4WD Front-Cut Ride-on Mowers, Stiga Sit-On Lawnmowers with Out-Front Decks",STIG-2F6230745/ST2,no,would_tag,
gid://shopify/Product/8320864780455,Stiga Park Pro 900 WX 4WD V-Twin Front-Cut Ride-On Lawnmower (Excluding Deck),stiga-park-pro-900-wx-4wd-688cc-twin-cylinder-four-wheel-drive-front-cut-ride-on-lawnmower-excluding-deck,"Stiga Front-Cut Ride-On Mowers, Stiga Park 4WD Front-Cut Ride-on Mowers, Stiga Sit-On Lawnmowers with Out-Front Decks",STIG-2F6430831/ST2,no,would_tag,
gid://shopify/Product/8320866910375,Stiga Park Pro 900 AWX 4WD V-Twin Front-Cut Ride-On Lawnmower (Excluding Deck),stiga-park-pro-900-awx-688cc-twin-cylinder-four-wheel-drive-front-cut-ride-on-lawnmower-excluding-deck,"Stiga Front-Cut Ride-On Mowers, Stiga Park 4WD Front-Cut Ride-on Mowers, Stiga Sit-On Lawnmowers with Out-Front Decks",STIG-2F6430931/ST2,no,would_tag,
gid://shopify/Product/8321710260391,Stiga Gyro 900e ‘Drive-by-Wire’ Electric Battery-Powered Axial Ride-On Lawnmower,stiga-gyro-900e-125cm-drive-by-wire-electric-battery-powered-axial-ride-on-lawnmower-with-zero-turn-and-joystick-control-2,"Best Ride-on Mower Deals, Best Side Discharge Ride-On Mowers, Best Zero Turn Ride-on Mower Deals, Stiga Battery-Powered Ride-Ons & Lawn Tractors, Zero-Turn Ride-On Mowers",STIG-2F7064705/ST1,no,would_tag,
gid://shopify/Product/8321697448103,Stiga Combi 748 S 4-in-1 Self-Propelled Petrol Lawnmower,stiga-combi-748-s-139cc-46cm-4-in-1-self-propelled-petrol-lawnmower,"Best Petrol 4 Wheel Rotary Lawn Mower Deals, Best Petrol Lawmower Deals, Best Self-Propelled 4-Wheel Petrol Lawnmower Deals, Best Self-Propelled 4-in-1 Petrol Lawn Mowers, STIGA Self-Propelled Lawnmowers, Self-Propelled 4-Wheel Petrol Lawnmower Deals, Stiga Combi Lawnmowers",STIG-2L0486848/ST2,no,would_tag,
gid://shopify/Product/8321728512167,Stiga Combi 748 V 4-in-1 Variable-Speed Petrol Lawnmower (with Honda Engine),stiga-combi-748-v-145cc-46cm-4-in-1-variable-speed-petrol-lawnmower-with-honda-engine,"Best Petrol 4 Wheel Rotary Lawn Mower Deals, Best Petrol Lawmower Deals, Best Self-Propelled 4-Wheel Petrol Lawnmower Deals, Best Self-Propelled 4-in-1 Petrol Lawn Mowers, Lawnmowers Powered by Honda, STIGA Self-Propelled Lawnmowers, Self-Propelled 4-Wheel Petrol Lawnmower Deals, Stiga Combi Lawnmowers",STIG-2L0487838/ST2,no,would_tag,
gid://shopify/Product/8321729101991,Stiga Combi 748e V KIT 48v 4-in-1 Variable-Speed Cordless Lawnmower (Inc. Batteries & Charger),stiga-combi-748e-v-48v-46cm-4-in-1-variable-speed-cordless-battery-lawnmower-including-2-x-batteries-and-charger,"Battery-Powered Cordless Lawnmowers, Lawnmowers: Top Brands! Low Prices for 2022!, Stiga Combi Lawnmowers",STIG-2L0487978/ST1,no,would_tag,
gid://shopify/Product/8321697939623,Stiga Combi 753 SE 4-in-1 Self-Propelled Petrol Lawnmower with Electric Start,stiga-combi-753-se-166cc-51cm-4-in-1-self-propelled-petrol-lawnmower-with-electric-start,"Best Petrol 4 Wheel Rotary Lawn Mower Deals, Best Petrol Lawmower Deals, Best Self-Propelled 4-Wheel Petrol Lawnmower Deals, Best Self-Propelled 4-in-1 Petrol Lawn Mowers, STIGA Self-Propelled Lawnmowers, Self-Propelled 4-Wheel Petrol Lawnmower Deals, Stiga Combi Lawnmowers",STIG-2L0536548/ST2,no,would_tag,
gid://shopify/Product/8321697808551,Stiga Combi 753 S 4-in-1 Self-Propelled Petrol Lawnmower,stiga-combi-753-s-166cc-51cm-4-in-1-self-propelled-petrol-lawnmower,"Best Petrol 4 Wheel Rotary Lawn Mower Deals, Best Petrol Lawmower Deals, Best Self-Propelled 4-Wheel Petrol Lawnmower Deals, Best Self-Propelled 4-in-1 Petrol Lawn Mowers, STIGA Self-Propelled Lawnmowers, Self-Propelled 4-Wheel Petrol Lawnmower Deals, Stiga Combi Lawnmowers",STIG-2L0536848/ST2,no,would_tag,
gid://shopify/Product/8321728676007,Stiga Combi 753 V 4-in-1 Variable-Speed Petrol Lawnmower (with Honda Engine),stiga-combi-753-v-167cc-51cm-4-in-1-variable-speed-petrol-lawnmower-with-honda-engine,"Best Petrol 4 Wheel Rotary Lawn Mower Deals, Best Petrol Lawmower Deals, Best Self-Propelled 4-Wheel Petrol Lawnmower Deals, Best Self-Propelled 4-in-1 Petrol Lawn Mowers, Lawnmowers Powered by Honda, STIGA Self-Propelled Lawnmowers, Self-Propelled 4-Wheel Petrol Lawnmower Deals, Stiga Combi Lawnmowers",STIG-2L0537838/ST2,no,would_tag,
gid://shopify/Product/8321728020647,Stiga Combi 753e V KIT 48v 4-in-1 Variable-Speed Cordless Lawnmower (Inc. 2 x Batteries & Charger),stiga-combi-753e-v-kit-48v-1500w-51cm-4-in-1-variable-speed-cordless-lawnmower-including-2-x-batteries-and-charger,"Battery-Powered Cordless Lawnmowers, Best Cordless Battery Lawnmower Deals, Stiga Combi Lawnmowers",STIG-2L0537978/UKS,no,would_tag,
gid://shopify/Product/8320856490151,Stiga Combi 166 Compact Rear-Collect & Side-Discharge Ride-On Mower with Hydrostatic Drive,stiga-combi-166-224cc-66cm-compact-rear-collect-and-side-discharge-ride-on-mower-with-hydrostatic-drive,"Best Rear Collect Ride-On Mowers, Best Ride-on Mower Deals, Ride-on Mower Deals, Ride-on Mowers Best Sellers, Stiga Combi Ride-On Mowers, Stiga Ride-On Mowers",STIG-2T0070481/ST2,no,would_tag,
gid://shopify/Product/8321026785447,Stiga Combi 372 Compact Rear-Collect Ride-On Mower with Hydrostatic Drive,stiga-combi-372-414cc-72cm-compact-rear-collect-ride-on-mower-with-hydrostatic-drive,"Best Rear Collect Ride-On Mowers, Ride-on Mower Deals, Stiga Combi Ride-On Mowers, Stiga Ride-On Mowers",STIG-2T0210481/ST2,no,would_tag,
gid://shopify/Product/8321461518503,Stiga Tornado 398 Side-Discharge Lawn Tractor with Hydrostatic Drive,stiga-tornado-398-452cc-98cm-single-cylinder-side-discharge-lawn-tractor-with-hydrostatic-drive,"Best Mulching Lawn Tractors, Best Side Discharge Lawn Tractors, Lawn Tractor Deals, Lawn Tractors | MowDirect Black Friday Garden Deals, Meet our Gardening Super-Stars..., Stiga Lawn & Garden Tractors, Stiga Lawn Tractors, Top Finance Deals",STIG-2T0610481/ST1,no,would_tag,
gid://shopify/Product/8321728970919,Stiga Tornado 5108 Side-Discharge Garden Tractor with Hydrostatic Drive,stiga-tornado-5108-452cc-108cm-single-cylinder-side-discharge-garden-tractor-with-hydrostatic-drive,"Best Garden Tractor Deals, Best Mulching Garden Tractors, Garden Tractor Deals, Stiga Garden Tractors, Stiga Lawn & Garden Tractors",STIG-2T1215481/ST1,no,would_tag,
gid://shopify/Product/8320851837095,Stiga Tornado 5108 W Side-Discharge V-Twin Garden Tractor with Hydrostatic Drive,stiga-tornado-5108-w-586cc-108cm-twin-cylinder-side-discharge-garden-tractor-with-hydrostatic-drive,"Best Garden Tractor Deals, Best Mulching Garden Tractors, Garden Tractor Deals, Stiga Garden Tractors, Stiga Lawn & Garden Tractors",STIG-2T1220481/ST2,no,would_tag,
gid://shopify/Product/8321120665767,Stiga Tornado 7108 W Side-Discharge V-Twin Garden Tractor with Hydrostatic Drive,stiga-tornado-7108-w-635cc-108cm-twin-cylinder-side-discharge-garden-tractor-with-hydrostatic-drive,"Best Garden Tractor Deals, Best Mulching Garden Tractors, Garden Tractor Deals, Stiga Garden Tractors, Stiga Lawn & Garden Tractors",STIG-2T1835481/ST1,no,would_tag,
gid://shopify/Product/8321214939303,Stiga Estate 384 Rear-Collect Lawn Tractor with Hydrostatic Drive,stiga-estate-384-432cc-84cm-single-cylinder-rear-collect-lawn-tractor-with-hydrostatic-drive,"Best Lawn Tractor Deals, Best Mulching Lawn Tractors, Best Rear Collect Lawn Tractors, Lawn Tractor Deals, Stiga Lawn & Garden Tractors, Stiga Lawn Tractors",STIG-2T2100481/ST1,no,would_tag,
gid://shopify/Product/8321614610599,Stiga Estate 384e Battery-Powered Rear-Collect Lawn Tractor with Stepless Electronic Drive,stiga-estate-384e-84cm-battery-powered-rear-collect-lawn-tractor-with-stepless-electronic-drive,"Best Rear Collect Lawn Tractors, Cordless Ride-Ons & Tractor Mowers, Stiga Battery-Powered Ride-Ons & Lawn Tractors, Stiga Lawn & Garden Tractors, Stiga Lawn Tractors",STIG-2T2200481/ST1,no,would_tag,
gid://shopify/Product/8321729822887,Stiga Estate 584e Battery-Powered Rear-Collect Lawn Tractor with Stepless Electronic Drive,stiga-estate-584e-84cm-battery-powered-rear-collect-lawn-tractor-with-stepless-electronic-drive,"Stiga Lawn & Garden Tractors, Stiga Lawn Tractors",STIG-2T2205481/ST2,no,would_tag,
gid://shopify/Product/8321053884583,Stiga Estate 598 Rear-Collect Lawn Tractor with Hydrostatic Drive,stiga-estate-598-452cc-98cm-single-cylinder-rear-collect-lawn-tractor-with-hydrostatic-drive,"Best Lawn Tractor Deals, Best Mulching Lawn Tractors, Best Rear Collect Lawn Tractors, Lawn Tractor Deals, Lawn Tractors | MowDirect Black Friday Garden Deals, Stiga Lawn & Garden Tractors, Stiga Lawn Tractors, Top Ride-On Lawnmowers - Lowest Prices Online!",STIG-2T2620481/ST2,no,would_tag,
gid://shopify/Product/8321697218727,Stiga Estate 798e Battery-Powered Rear-Collect Lawn Tractor with Stepless Electronic Drive,stiga-estate-798e-98cm-battery-powered-rear-collect-lawn-tractor-with-stepless-electronic-drive,"Best Rear Collect Lawn Tractors, Cordless Ride-Ons & Tractor Mowers, Lawn Tractor Deals, Stiga Lawn & Garden Tractors, Stiga Lawn Tractors",STIG-2T2800481/ST2,no,would_tag,
gid://shopify/Product/8321165525159,Stiga Silex Brush & Collector Attachment | 290950040/10,stiga-silex-brush-and-collector-attachment-for-silex-two-wheel-tractor,Brushcutters | MowDirect Black Friday Garden Deals,STIG-BRUSH-COLLECTOR,no,would_tag,
gid://shopify/Product/8321152516263,Stiga Collection Box for SWS 800 G Self-Propelled Sweeper | 290802020/16,stiga-collection-box-for-sws-800-g-self-propelled-sweeper,,STIG-COLLECTOR-SWS-800G,no,would_tag,
gid://shopify/Product/8321171488935,Stiga Extension Pole for Split-Shaft Brushcutters | 232511610/16,stiga-brushcutter-extension-pole-for-split-shaft-brushcutters-232511610-6,"Brushcutters | MowDirect Black Friday Garden Deals, Stiga Brushcutters & Line Trimmers",STIG-EXT-SHAFT-226,no,would_tag,
gid://shopify/Product/8321205993639,Stiga HPS 235 R Electric Pressure-Washer,stiga-hps-235-r-135bar-mains-electric-pressure-washer,Pressure Washers,STIG-HPS235R,no,would_tag,
gid://shopify/Product/8321203011751,Stiga HPS 345 R Electric Pressure-Washer,stiga-hps-345-r-145bar-mains-electric-pressure-washer,Pressure Washers,STIG-HPS345R,no,would_tag,
gid://shopify/Product/8321208778919,Stiga HPS 550 R Electric Pressure-Washer,stiga-hps-550-r-150bar-mains-electric-pressure-washer,"Pressure Washers, Pressure Washers | Winter Garden Care",STIG-HPS550R,no,would_tag,
gid://shopify/Product/8321211859111,Stiga HPS 650 RG Electric Pressure-Washer,stiga-hps-650-rg-150bar-mains-electric-pressure-washer,"New for 2018, Pressure Washers, Pressure Washers | Winter Garden Care",STIG-HPS650RG,no,would_tag,
gid://shopify/Product/8321100021927,Stiga Hedgetrimmer Attachment for Split-Shaft Brushcutters | 232511710/15,stiga-hedgetrimmer-attachment-for-split-shaft-brushcutters-232511710-15,"Stiga Brushcutters & Line Trimmers, Stiga Petrol Hedgecutters, Winter Garden Care",STIG-HT-ATTACH-226,no,would_tag,
gid://shopify/Product/8321022296231,Stiga Park Combi 95 Q Plus QuickFlip Cutter Deck | 2D6209521/ST2,stiga-park-combi-95-q-plus-quickflip-cutter-deck,Stiga Attachments & Accessories for Park Front-Cut Ride-Ons & Mid-Deck Tractors,STIG-PARK-95-COMBI-EL,no,would_tag,
gid://shopify/Product/8321098547367,Stiga Tree-Pruner Attachment for Split-Shaft Brushcutters | 232511810/15,stiga-tree-pruner-attachment-for-stiga-split-shaft-brushcutters-232511810-15,"Stiga Brushcutters & Line Trimmers, Stiga Petrol Chainsaw, Tree Pruners",STIG-PRUN-ATTACH-226,no,would_tag,
gid://shopify/Product/8321169522855,Stiga Silex Brush Attachment | 290950070/10,stiga-silex-brush-attachment-for-silex-two-wheel-tractor,Brushcutters | MowDirect Black Friday Garden Deals,STIG-SILEX-BRUSH,no,would_tag,
gid://shopify/Product/8321159069863,Stiga Silex Rear-Mounted Rotovator Attachment | 290950020/10,stiga-silex-rear-mounted-rotovator-attachment-for-103-b-two-wheel-tractor-unit,"Best Rear Tine Tiller Deals, Rear-Tine Tillers",STIG-SILEX-ROTOV,no,would_tag,
gid://shopify/Product/8321167622311,Stiga Silex Snow-Blade Attachment | 290950050/10,stiga-snow-blade-attachment-for-silex-two-wheel-tractor,Snow Ploughs,STIG-SILEX-SNOW-BLADE,no,would_tag,
gid://shopify/Product/8321089962151,Stiga SRC 36 V Petrol Front-Tine Tiller,stiga-src-36-v-123cc-36cm-petrol-front-tine-tiller,"Best Front Tine Tiller Deals, Front-Tine Tillers, Tillers & Scarifiers | MowDirect Black Friday Garden Deals",STIG-SRC-36V,no,would_tag,
gid://shopify/Product/8321156350119,Stiga SWS 800 G Self-Propelled Sweeper,stiga-sws-800-g-212cc-80cm-8-speed-self-propelled-sweeper,"Stiga, Two-Wheel Tractors, Wheeled Lawn & Litter Vacuums and Leaf Sweepers",STIG-SWS-800G,no,would_tag,
gid://shopify/Product/14991021179253,Stiga Tornado 398M Side-Discharge Lawn Tractor,stiga-tornado-398m-side-discharge-lawn-tractor,"Best Mulching Lawn Tractors, Best Side Discharge Lawn Tractors, Lawn Tractor Deals, Lawn Tractors | MowDirect Black Friday Garden Deals, Meet our Gardening Super-Stars..., Stiga Lawn & Garden Tractors, Stiga Lawn Tractors, Top Finance Deals",STIGA-398M,no,would_tag,
gid://shopify/Product/8321686929575,Stiga Tornado 7108e Battery-Powered Side-Discharge Garden Tractor with Stepless Electronic Drive,stiga-tornado-7108e-108cm-battery-powered-side-discharge-garden-tractor-with-stepless-electronic-drive,"Best Garden Tractor Deals, Garden Tractor Deals, Stiga Battery-Powered Ride-Ons & Lawn Tractors, Stiga Garden Tractors, Stiga Lawn & Garden Tractors",STIGA-7108E,no,would_tag,
