product_id,product_title,variant_id,shopify_sku,inventory_quantity,action
gid://shopify/Product/15729770168693,"Spectrum DCT38M-RDM  38"" Lawn Tractor with Manual Drive",gid://shopify/ProductVariant/56762432029045,DCT38M-RDM,0,would_untrack
gid://shopify/Product/15712740278645,"Spectrum DCT38H 38"" Lawn Tractor with Hydrostatic Drive",gid://shopify/ProductVariant/56704165806453,DCT38H,0,would_untrack
gid://shopify/Product/15701079425397,Spectrum KT400-3 Pro 3-in-1 Petrol Lawn Scarifier/Aerator/Sweeper-Groomer,gid://shopify/ProductVariant/56646077841781,KT400-3 PRO,0,would_untrack
gid://shopify/Product/15656024047989,Spectrum TY31506 Collection Box,gid://shopify/ProductVariant/56429648806261,TY31506,0,would_untrack
gid://shopify/Product/15634662424949,Spectrum Qingain QG18P Hand Propelled Petrol Lawnmower - WITH FREE BLADE WORTH £24.95!,gid://shopify/ProductVariant/56339343245685,QG18P,0,would_untrack
gid://shopify/Product/15633607983477,Spectrum QG20SP  Petrol Self Propelled Lawnmower – WITH FREE BLADE WORTH £39.95!,gid://shopify/ProductVariant/56332263063925,QG20SP,0,would_untrack
gid://shopify/Product/15248343236981,SHOP SOILED Mountfield 1638H Rear-Collect V-Twin Garden Tractor with Hydrostatic Drive - INCLUDING FREE PETROL BLOWER VAC WORTH £119.95!!,gid://shopify/ProductVariant/55734137749877,MF-2T2630483/M22,0,would_untrack
gid://shopify/Product/15084256362869,Atco Liner 18SH Self-Propelled Petrol Rear-Roller Lawnmower,gid://shopify/ProductVariant/55530833445237,C-299489037/AT9,0,would_untrack
gid://shopify/Product/14991021179253,Stiga Tornado 398M Side-Discharge Lawn Tractor,gid://shopify/ProductVariant/55249903419765,STIGA-398M,0,would_untrack
gid://shopify/Product/14989487505781,Spectrum PFC-10G-M Jerry Can – 10 Litre,gid://shopify/ProductVariant/55245257408885,PFC-10G-M,0,would_untrack
gid://shopify/Product/14978351923573,Atco Liner 16S Self-Propelled Petrol Rear-Roller Lawnmower,gid://shopify/ProductVariant/55199142642037,C-299439047/AT1,0,would_untrack
gid://shopify/Product/14972174172533,Spectrum STF600-PRO Flail Mower,gid://shopify/ProductVariant/55170799763829,C-STF600-PRO,0,would_untrack
gid://shopify/Product/14969808879989,Spectrum TG51PD Self-Propelled Petrol Lawnmower,gid://shopify/ProductVariant/55164095693173,TG51PD,0,would_untrack
gid://shopify/Product/14969759138165,Spectrum TG40PD Self-Propelled Petrol Lawnmower,gid://shopify/ProductVariant/55163947188597,TG40PD,0,would_untrack
gid://shopify/Product/14873211896181,Stiga Park 300 LC Front-Cut Ride-On Lawnmower (Inc. 85cm Manual-Lift Deck),gid://shopify/ProductVariant/54887542554997,STIG-2F5820245/ST1,0,would_untrack
gid://shopify/Product/14873211371893,Stiga HT 500e KIT 48v Cordless Hedgetrimmer (Inc. Battery & Charger),gid://shopify/ProductVariant/54887540687221,STIG-278302208/UKS,0,would_untrack
gid://shopify/Product/14873211240821,Stiga GT 500e KIT 48v Cordless Grass-Trimmer (Inc. Battery & Charger),gid://shopify/ProductVariant/54887540228469,STIG-278102208/UKS,0,would_untrack
gid://shopify/Product/14873211142517,Stiga Silex 87 G Scythe Mower,gid://shopify/ProductVariant/54887539704181,STIG-210870042/ST2,0,would_untrack
gid://shopify/Product/14873210159477,Spectrum 408kg-Capacity High-Sided Steel Tipping Trailer | SP22125,gid://shopify/ProductVariant/54887535804789,C-SP22125,0,would_untrack
gid://shopify/Product/14873208258933,Mountfield 1638H Rear-Collect V-Twin Garden Tractor with Hydrostatic Drive,gid://shopify/ProductVariant/54887529382261,MF-2T2630483/M22,0,would_untrack
gid://shopify/Product/14873207964021,Mountfield 1538H Rear-Collect Lawn Tractor with Hydrostatic Drive,gid://shopify/ProductVariant/54887528890741,MF-2T2620483/M25,0,would_untrack
gid://shopify/Product/14873207865717,Mountfield 1530H Rear-Collect Lawn Tractor with Hydrostatic Drive,gid://shopify/ProductVariant/54887528464757,MF-2T2120483/M25,0,would_untrack
gid://shopify/Product/14873207538037,Mountfield 1543H-SD Side-Discharge Lawn Tractor with Hydrostatic Drive,gid://shopify/ProductVariant/54887527711093,MF-2T1210483/M25,0,would_untrack
gid://shopify/Product/14873207374197,Mountfield 2240H Rear-Collect V-Twin Garden Tractor with Hydrostatic Drive,gid://shopify/ProductVariant/54887527252341,MF-2T0980483/M25,0,would_untrack
gid://shopify/Product/14873207112053,Mountfield 1538H-SD Side-Discharge Lawn Tractor with Hydrostatic Drive,gid://shopify/ProductVariant/54887526465909,MF-2T0620483/M25,0,would_untrack
gid://shopify/Product/8321736147111,Atco Liner 19SH V Variable-Speed Petrol Rear-Roller Lawnmower (Honda Engine),gid://shopify/ProductVariant/45927605764263,C-294519037/AT1,0,would_untrack
gid://shopify/Product/8321736048807,Atco Liner 22SH V Variable-Speed Petrol Rear-Roller Lawnmower (Honda Engine),gid://shopify/ProductVariant/45927605600423,C-294569037/AT1,0,would_untrack
gid://shopify/Product/8321733951655,Mountfield BC 450 HD 4-Stroke Petrol Brushcutter (Honda Engine),gid://shopify/ProductVariant/45927586332839,MF-281521003/21,-1,would_untrack
gid://shopify/Product/8321733525671,Mountfield BC 435 H 4-Stroke Petrol Brushcutter (Honda Engine),gid://shopify/ProductVariant/45927584923815,MF-281320003/21,0,would_untrack
gid://shopify/Product/8321733329063,Mountfield BC 435 HD 4-Stroke Petrol Brushcutter (Honda Engine),gid://shopify/ProductVariant/45927584694439,MF-281321003/21,0,would_untrack
gid://shopify/Product/8321733230759,Mountfield BC 425 HD 4-Stroke Petrol Brushcutter (Honda Engine),gid://shopify/ProductVariant/45927584596135,MF-281221003/21,-1,would_untrack
gid://shopify/Product/8321732739239,Mountfield BC 425 HJ 4-Stroke Petrol Brushcutter (Honda Engine),gid://shopify/ProductVariant/45927584465063,MF-281220003/21,0,would_untrack
gid://shopify/Product/8321730904231,Spectrum TG46SE 3-in-1 Self-Propelled Petrol Lawnmower with Electric Start,gid://shopify/ProductVariant/45927578402983,TG46SE,0,would_untrack
gid://shopify/Product/8321730805927,Spectrum TG46S 3-in-1 Self-Propelled Petrol Lawnmower,gid://shopify/ProductVariant/45927578206375,TG46S,0,would_untrack
gid://shopify/Product/8321730609319,Spectrum TG40S Self-Propelled Petrol Lawnmower,gid://shopify/ProductVariant/45927577976999,TG40S,0,would_untrack
gid://shopify/Product/8321730379943,Atco Liner 16S Li KIT 48v Cordless Self-Propelled Roller Lawnmower (Inc. Batteries & Charger),gid://shopify/ProductVariant/45927577485479,AT-299439077/AT1,0,would_untrack
gid://shopify/Product/8321729101991,Stiga Combi 748e V KIT 48v 4-in-1 Variable-Speed Cordless Lawnmower (Inc. Batteries & Charger),gid://shopify/ProductVariant/45927575519399,STIG-2L0487978/ST1,0,would_untrack
gid://shopify/Product/8321728970919,Stiga Tornado 5108 Side-Discharge Garden Tractor with Hydrostatic Drive,gid://shopify/ProductVariant/45927575322791,STIG-2T1215481/ST1,0,would_untrack
gid://shopify/Product/8321727365287,Stiga Combi 336e KIT 48v 3-in-1 Hand-Propelled Cordless Lawnmower (Inc. Battery & Charger),gid://shopify/ProductVariant/45927572930727,STIG-294346068/UKS,0,would_untrack
gid://shopify/Product/8321725071527,Stiga Front Blade for SWS 600 G Self-Propelled Sweeper | 290602030/16,gid://shopify/ProductVariant/45927567360167,STIG-290602030/16,0,would_untrack
gid://shopify/Product/8321724907687,Stiga Collection Box for SWS 600 G Self-Propelled Sweeper | 290602020/16,gid://shopify/ProductVariant/45927567130791,STIG-290602020/16,0,would_untrack
gid://shopify/Product/8321722810535,Stiga SVP 40 G Petrol Scarifier,gid://shopify/ProductVariant/45927562182823,STIG-211400248/ST1,0,would_untrack
gid://shopify/Product/8321722515623,Stiga HT 525 Petrol Hedgetrimmer (60cm Blades),gid://shopify/ProductVariant/45927558480039,STIG-252421008/ST2,0,would_untrack
gid://shopify/Product/8321721532583,"Stiga PR 730 C Top-Handle Petrol Arborist’s Chainsaw with 1/4"" Chain (25cm Guide Bar)",gid://shopify/ProductVariant/45927553859751,STIG-240271012/ST2,0,would_untrack
gid://shopify/Product/8321719435431,Stiga BC 760 B Petrol Brushcutter,gid://shopify/ProductVariant/45927549632679,STIG-283524008/ST3,0,would_untrack
gid://shopify/Product/8321719271591,Stiga BC 750 B Petrol Brushcutter,gid://shopify/ProductVariant/45927549403303,STIG-283424008/ST2,0,would_untrack
gid://shopify/Product/8321719173287,Stiga BC 730 B Petrol Brushcutter,gid://shopify/ProductVariant/45927549304999,STIG-283221008/ST1,0,would_untrack
gid://shopify/Product/8321719074983,Stiga BC 730 Petrol Brushcutter,gid://shopify/ProductVariant/45927549206695,STIG-283220008/ST1,0,would_untrack
gid://shopify/Product/8321718681767,Stiga SRC 685 RG Petrol Front-Tine Tiller,gid://shopify/ProductVariant/45927547535527,STIG-213851142/ST1,0,would_untrack
gid://shopify/Product/8321717633191,Stiga GT 100e KIT 20v 2-in-1 Cordless Grass-Trimmer & Lawn Edger (Inc. Battery & Charger),gid://shopify/ProductVariant/45927545405607,STIG-271102218/UKS,0,would_untrack
gid://shopify/Product/8321717534887,Stiga C 215 SU 20v ePower Single-Port Battery Charger | 271021000/21,gid://shopify/ProductVariant/45927545274535,STIG-271021000/21,0,would_untrack
gid://shopify/Product/8321717371047,Stiga C 215 DU 20v ePower Twin-Port Battery Charger | 271021100/21,gid://shopify/ProductVariant/45927545012391,STIG-271021100/21,0,would_untrack
gid://shopify/Product/8321717272743,Stiga E24 20v/4Ah ePower Lithium-Ion Battery | 271014008/ST1,gid://shopify/ProductVariant/45927544848551,STIG-271014008/ST1,0,would_untrack
gid://shopify/Product/8321717076135,Stiga E22 20v/2Ah ePower Lithium-Ion Battery | 271012008/ST1,gid://shopify/ProductVariant/45927543832743,STIG-271012008/ST1,0,would_untrack
gid://shopify/Product/8321717010599,Stiga VS 100e KIT 20v Cordless Blower-Vac (Inc. 2 x Batteries & Charger),gid://shopify/ProductVariant/45927543767207,STIG-271504298/UKS,0,would_untrack
gid://shopify/Product/8321697939623,Stiga Combi 753 SE 4-in-1 Self-Propelled Petrol Lawnmower with Electric Start,gid://shopify/ProductVariant/45927477543079,STIG-2L0536548/ST2,0,would_untrack
gid://shopify/Product/8321697808551,Stiga Combi 753 S 4-in-1 Self-Propelled Petrol Lawnmower,gid://shopify/ProductVariant/45927476625575,STIG-2L0536848/ST2,0,would_untrack
gid://shopify/Product/8321692631207,Stiga E440 48v/4Ah ePower Lithium-Ion Battery 274014004/ST1,gid://shopify/ProductVariant/45927458996391,274014004/ST1,0,would_untrack
gid://shopify/Product/8321665630375,Mountfield C 215 DU 20v Freedom 100 Dual Standard Charger,gid://shopify/ProductVariant/45927334903975,MF-271021100/21,0,would_untrack
gid://shopify/Product/8321665269927,Stiga BC 545 B Petrol Brushcutter,gid://shopify/ProductVariant/45927332708519,STIG-287321002/ST1,-1,would_untrack
gid://shopify/Product/8321664975015,Stiga BC 535 B Petrol Brushcutter,gid://shopify/ProductVariant/45927331954855,STIG-287221002/ST1,0,would_untrack
gid://shopify/Product/8321664843943,Stiga BC 330 A Petrol Brushcutter,gid://shopify/ProductVariant/45927331725479,STIG-287120102/ST2,0,would_untrack
gid://shopify/Product/8321664680103,Stiga BL 980 R Backpack Blower,gid://shopify/ProductVariant/45927331496103,STIG-255175102/ST1,0,would_untrack
gid://shopify/Product/8321664647335,Stiga BL 530 Petrol Leaf-Blower,gid://shopify/ProductVariant/45927331365031,STIG-255127092/ST2,0,would_untrack
gid://shopify/Product/8321664450727,Stiga BL 530 V Petrol Blower-Vac,gid://shopify/ProductVariant/45927331102887,STIG-255127002/ST1,0,would_untrack
gid://shopify/Product/8321662681255,Mountfield SP53 Self-Propelled 3-in-1 Petrol Lawnmower,gid://shopify/ProductVariant/45927320748199,2L0536048/M21,0,would_untrack
gid://shopify/Product/8321654259879,Spectrum 102cm Towed Dethatching Rake | SP31101,gid://shopify/ProductVariant/45927280967847,SPEC-SP31101,0,would_untrack
gid://shopify/Product/8321654161575,Spectrum 57kg-Capacity Towed Broadcast Spreader | SP31508,gid://shopify/ProductVariant/45927278608551,SPEC-SP31508,0,would_untrack
gid://shopify/Product/8321653964967,Spectrum 295kg-Capacity Push / Tow Poly Tipping-Cart | SP22134,gid://shopify/ProductVariant/45927277691047,SPEC-SP22134,0,would_untrack
gid://shopify/Product/8321631256743,Mountfield MTR 20 Li KIT 20v Cordless Grass-Trimmer (Inc. Battery & Charger),gid://shopify/ProductVariant/45927095566503,MF-271102203/MUK,0,would_untrack
gid://shopify/Product/8321630109863,Mountfield MHT 20 Li KIT 20v Cordless Hedgetrimmer (Inc. Battery & Charger),gid://shopify/ProductVariant/45927092584615,MF-271302203/MUK,0,would_untrack
gid://shopify/Product/8321626603687,Mountfield B440 48v/4Ah Freedom 500 Lithium-Ion Battery,gid://shopify/ProductVariant/45927075414183,MF-274014004/ST1,0,would_untrack
gid://shopify/Product/8321625784487,Mountfield Empress 46 Li KIT 4-in-1 Self-Propelled Cordless Lawnmower (Inc. 2 x Batteries & Charger),gid://shopify/ProductVariant/45927072563367,MF-299489073/M22,-1,would_untrack
gid://shopify/Product/8321624113319,Spectrum 181kg-Capacity Steel Tipping Trailer | SP22139,gid://shopify/ProductVariant/45927064469671,SPEC-SP22139,0,would_untrack
gid://shopify/Product/8321563066535,Stiga Estate 598 W Rear-Collect V-Twin Garden Tractor with Hydrostatic Drive,gid://shopify/ProductVariant/45926758580391,C-2T2630481/ST2,0,would_untrack
gid://shopify/Product/8321461518503,Stiga Tornado 398 Side-Discharge Lawn Tractor with Hydrostatic Drive,gid://shopify/ProductVariant/45926732136615,STIG-2T0610481/ST1,0,would_untrack
gid://shopify/Product/8321328152743,Mountfield SP46 Elite 3-in-1 Self-Propelled Petrol Lawnmower (with Honda Engine),gid://shopify/ProductVariant/45926368673959,2L0486038/M19,0,would_untrack
gid://shopify/Product/8321171488935,Stiga Extension Pole for Split-Shaft Brushcutters | 232511610/16,gid://shopify/ProductVariant/45926144606375,STIG-EXT-SHAFT-226,0,would_untrack
gid://shopify/Product/8321169522855,Stiga Silex Brush Attachment | 290950070/10,gid://shopify/ProductVariant/45926142476455,STIG-SILEX-BRUSH,0,would_untrack
gid://shopify/Product/8321165525159,Stiga Silex Brush & Collector Attachment | 290950040/10,gid://shopify/ProductVariant/45926138314919,STIG-BRUSH-COLLECTOR,0,would_untrack
gid://shopify/Product/8321159069863,Stiga Silex Rear-Mounted Rotovator Attachment | 290950020/10,gid://shopify/ProductVariant/45926131433639,STIG-SILEX-ROTOV,0,would_untrack
gid://shopify/Product/8321156350119,Stiga SWS 800 G Self-Propelled Sweeper,gid://shopify/ProductVariant/45926128484519,STIG-SWS-800G,0,would_untrack
gid://shopify/Product/8321154416807,Stiga Front Blade for SWS 800 G Self-Propelled Sweeper | 290802030/16,gid://shopify/ProductVariant/45926126321831,STIG-290802030/16,0,would_untrack
gid://shopify/Product/8321152516263,Stiga Collection Box for SWS 800 G Self-Propelled Sweeper | 290802020/16,gid://shopify/ProductVariant/45926124322983,STIG-COLLECTOR-SWS-800G,0,would_untrack
gid://shopify/Product/8321145766055,Stiga BC 535 Petrol Brushcutter,gid://shopify/ProductVariant/45926114656423,STIG-287220002/ST1,0,would_untrack
gid://shopify/Product/8321101234343,Stiga BC 330 AB Petrol Brushcutter,gid://shopify/ProductVariant/45926053314727,STIG-287121102/ST2,0,would_untrack
gid://shopify/Product/8321100021927,Stiga Hedgetrimmer Attachment for Split-Shaft Brushcutters | 232511710/15,gid://shopify/ProductVariant/45926052036775,STIG-HT-ATTACH-226,0,would_untrack
gid://shopify/Product/8321098547367,Stiga Tree-Pruner Attachment for Split-Shaft Brushcutters | 232511810/15,gid://shopify/ProductVariant/45926049874087,STIG-PRUN-ATTACH-226,0,would_untrack
gid://shopify/Product/8321089962151,Stiga SRC 36 V Petrol Front-Tine Tiller,gid://shopify/ProductVariant/45926036045991,STIG-SRC-36V,0,would_untrack
gid://shopify/Product/8321040285863,Stiga Multiclip 547 S Self-Propelled Petrol Mulching Lawnmower,gid://shopify/ProductVariant/45925897896103,STIG-298472048/ST2,0,would_untrack
gid://shopify/Product/8321022853287,Stiga Park Combi 100 Q Plus QuickFlip Cutter Deck | 2D6210021/ST2,gid://shopify/ProductVariant/45925854085287,STIG-2D6210021/ST2,0,would_untrack
gid://shopify/Product/8320859996327,Stiga Park 500 WX 4WD V-Twin Front-Cut Ride-On Lawnmower (Excluding Deck),gid://shopify/ProductVariant/45925596790951,STIG-2F6130645/ST2,0,would_untrack
gid://shopify/Product/8320856490151,Stiga Combi 166 Compact Rear-Collect & Side-Discharge Ride-On Mower with Hydrostatic Drive,gid://shopify/ProductVariant/45925592596647,STIG-2T0070481/ST2,0,would_untrack
gid://shopify/Product/8320851837095,Stiga Tornado 5108 W Side-Discharge V-Twin Garden Tractor with Hydrostatic Drive,gid://shopify/ProductVariant/45925587091623,STIG-2T1220481/ST2,0,would_untrack
gid://shopify/Product/8320829292711,Mountfield Princess 34 Li KIT 48v Cordless 4-Wheel Rear-Roller Lawnmower (Inc. Battery & Charger),gid://shopify/ProductVariant/45925549801639,MF-34LI-F48,0,would_untrack
gid://shopify/Product/8320807174311,Mountfield Princess 38 Li KIT 48v Cordless 4-Wheel Rear-Roller Lawnmower (Inc. Battery & Charger),gid://shopify/ProductVariant/45925413060775,294386063/M26,-2,would_untrack
gid://shopify/Product/8320806748327,Mountfield Princess 34 Electric 4-Wheel Roller Lawnmower,gid://shopify/ProductVariant/45925412634791,MF-PRINCESS-34,0,would_untrack
gid://shopify/Product/8320806650023,Mountfield Princess 38 Electric 4-Wheel Roller Lawnmower,gid://shopify/ProductVariant/45925411750055,MF-PRINCESS-38,0,would_untrack
