product_code,shopify_sku,shopify_title,current_price,workbook_price,price_delta,price_delta_pct,price_action,price_skip_reason,old_compare_at,new_compare_at,expected_stock,actual_stock,stock_diff,stock_tolerance,stock_action,stock_skip_reason,score,match_method
210310022/10,,,,,,,skip,unmatched,,,,,,,skip,unmatched,,
210870042/ST2,STIG-210870042/ST2,Stiga Silex 87 G Scythe Mower,799.0,819.0,20.0,2.5,apply,,,,,,,,skip,workbook_qty_missing,97.0,tfidf+rapidfuzz
211360042/ST1,STIG-SRC-36V,Stiga SRC 36 V Petrol Front-Tine Tiller,259.0,269.0,10.0,3.9,apply,,,,,,,,skip,workbook_qty_missing,97.0,tfidf+rapidfuzz
211360043/M20,MF-MANOR-COMPACT-36,Mountfield Manor Compact 36 V Petrol Front-Tine Cultivator,279.0,269.0,-10.0,-3.6,apply,,,,,,,,skip,workbook_qty_missing,97.0,tfidf+rapidfuzz
211400248/ST1,STIG-211400248/ST1,Stiga SVP 40 G Petrol Scarifier,499.0,509.0,10.0,2.0,apply,,599.0,559.0,,,,,skip,workbook_qty_missing,97.0,tfidf+rapidfuzz
212751142/14,,,,,,,skip,unmatched,,,,,,,skip,unmatched,,
213851142/ST1,STIG-213851142/ST1,Stiga SRC 685 RG Petrol Front-Tine Tiller,499.0,599.0,100.0,20.0,apply,,579.0,629.0,,,,,skip,workbook_qty_missing,97.0,tfidf+rapidfuzz
219510032/10,,,,,,,skip,unmatched,,,,,,,skip,unmatched,,
219602532/S17,STIG-219602532/S17,Stiga SWS 600 G Self-Propelled Sweeper,919.0,819.0,-100.0,-10.9,apply,,,,,,,,skip,workbook_qty_missing,97.0,tfidf+rapidfuzz
219802532/S17,STIG-SWS-800G,Stiga SWS 800 G Self-Propelled Sweeper,1029.0,925.0,-104.0,-10.1,apply,,,,,,,,skip,workbook_qty_missing,97.0,tfidf+rapidfuzz
232511610/16,STIG-EXT-SHAFT-226,Stiga Extension Pole for Split-Shaft Brushcutters | 232511610/16,35.0,30.0,-5.0,-14.3,apply,,,,,,,,skip,workbook_qty_missing,92.32,tfidf+rapidfuzz
232511710/15,,,,,,,skip,unmatched,,,,,,,skip,unmatched,,
232511810/15,,,,,,,skip,unmatched,,,,,,,skip,unmatched,,
240271002/ST2,,,,,,,skip,unmatched,,,,,,,skip,unmatched,,
240271012/ST2,,,,,,,skip,unmatched,,,,,,,skip,unmatched,,
240381402/ST1,STIG-240381402/ST1,Stiga CS 540 Petrol Chainsaw (35cm Guide Bar),159.0,155.0,-4.0,-2.5,apply,,,,,,,,skip,workbook_qty_missing,81.43,tfidf+rapidfuzz
240421602/ST1,STIG-240421602/ST1,Stiga CS 545 Petrol Chainsaw (40cm Guide Bar),199.0,185.0,-14.0,-7.0,apply,,219.0,199.0,,,,,skip,workbook_qty_missing,81.43,tfidf+rapidfuzz
240461802/ST1,STIG-240461802/ST1,Stiga CS 750 Petrol Chainsaw (45cm Guide Bar),299.0,265.0,-34.0,-11.4,apply,,,,,,,,skip,workbook_qty_missing,81.43,tfidf+rapidfuzz
240521802/ST1,STIG-240521802/ST1,Stiga CS 755 Petrol Chainsaw (45cm Guide Bar),339.0,305.0,-34.0,-10.0,apply,,,339.0,,,,,skip,workbook_qty_missing,81.43,tfidf+rapidfuzz
252421003/M21,,,,,,,skip,unmatched,,,,,,,skip,unmatched,,
252421008/ST2,STIG-252421008/ST2,Stiga HT 525 Petrol Hedgetrimmer (60cm Blades),209.0,175.0,-34.0,-16.3,apply,,209.0,189.0,,,,,skip,workbook_qty_missing,97.0,tfidf+rapidfuzz
252422008/ST2,,,,,,,skip,unmatched,,,,,,,skip,unmatched,,
255127002/ST1,STIG-255127002/ST1,Stiga BL 530 V Petrol Blower-Vac,239.0,205.0,-34.0,-14.2,apply,,,,,,,,skip,workbook_qty_missing,97.0,tfidf+rapidfuzz
255127003/M17,,,,,,,skip,unmatched,,,,,,,skip,unmatched,,
255127092/ST2,STIG-255127092/ST2,Stiga BL 530 Petrol Leaf-Blower,209.0,175.0,-34.0,-16.3,apply,,,,,,,,skip,workbook_qty_missing,97.0,tfidf+rapidfuzz
255175102/ST1,STIG-255175102/ST1,Stiga BL 980 R Backpack Blower,479.0,409.0,-70.0,-14.6,apply,,,,,,,,skip,workbook_qty_missing,97.0,tfidf+rapidfuzz
257022001/UKS,,,,,,,skip,unmatched,,,,,,,skip,unmatched,,
257122001/ST1,,,,,,,skip,unmatched,,,,,,,skip,unmatched,,
271012008/ST1,,,,,,,skip,unmatched,,,,,,,skip,unmatched,,
271014008/ST1,,,,,,,skip,unmatched,,,,,,,skip,unmatched,,
271021000/21,,,,,,,skip,unmatched,,,,,,,skip,unmatched,,
271021100/21,,,,,,,skip,unmatched,,,,,,,skip,unmatched,,
271090021/ST1,,,,,,,skip,unmatched,,,,,,,skip,unmatched,,
271102203/MUK,MF-271102203/MUK,Mountfield MTR 20 Li KIT 20v Cordless Grass-Trimmer (Inc. Battery & Charger),99.0,95.0,-4.0,-4.0,apply,,109.0,99.0,,,,,skip,workbook_qty_missing,97.0,tfidf+rapidfuzz
271102218/UKS,STIG-271102218/UKS,Stiga GT 100e KIT 20v 2-in-1 Cordless Grass-Trimmer & Lawn Edger (Inc. Battery & Charger),119.0,95.0,-24.0,-20.2,apply,,,,,,,,skip,workbook_qty_missing,97.0,tfidf+rapidfuzz
271302203/MUK,MF-271302203/MUK,Mountfield MHT 20 Li KIT 20v Cordless Hedgetrimmer (Inc. Battery & Charger),99.0,95.0,-4.0,-4.0,apply,,119.0,99.0,,,,,skip,workbook_qty_missing,97.0,tfidf+rapidfuzz
271302218/UKS,STIG-271302218/UKS,Stiga HT 100e KIT 20v Cordless Hedgetrimmer (Inc. Battery & Charger),119.0,95.0,-24.0,-20.2,apply,,,99.0,,,,,skip,workbook_qty_missing,97.0,tfidf+rapidfuzz
271404201/UKS,,,,,,,skip,unmatched,,,,,,,skip,unmatched,,
271432101/ST1,,,,,,,skip,unmatched,,,,,,,skip,unmatched,,
271504203/MUK,,,,,,,skip,unmatched,,,,,,,skip,unmatched,,
271504218/UKS,STIG-271504218/UKS,Stiga BL 100e KIT 20v Cordless Leaf-Blower (Inc. Battery & Charger),119.0,95.0,-24.0,-20.2,apply,,,,,,,,skip,workbook_qty_missing,97.0,tfidf+rapidfuzz
271504293/MUK,,,,,,,skip,unmatched,,,,,,,skip,unmatched,,
271504298/UKS,STIG-271504298/UKS,Stiga VS 100e KIT 20v Cordless Blower-Vac (Inc. 2 x Batteries & Charger),229.0,195.0,-34.0,-14.8,apply,,,,,,,,skip,workbook_qty_missing,97.0,tfidf+rapidfuzz
271724203/MUK,MF-271724203/MUK,"Mountfield MMT 20 Li KIT 20v Cordless Multi-Tool (Inc, Battery & Charger)",189.0,195.0,6.0,3.2,apply,,,,,,,,skip,workbook_qty_missing,97.0,tfidf+rapidfuzz
271724218/UKS,STIG-271724218/UKS,Stiga MT 100e KIT 20v Cordless Multi-Tool (Inc. Battery & Charger),229.0,195.0,-34.0,-14.8,apply,,,,,,,,skip,workbook_qty_missing,97.0,tfidf+rapidfuzz
273102501/ST1,,,,,,,skip,unmatched,,,,,,,skip,unmatched,,
273302501/ST1,,,,,,,skip,unmatched,,,,,,,skip,unmatched,,
273404501/ST1,,,,,,,skip,unmatched,,,,,,,skip,unmatched,,
273504501/ST1,,,,,,,skip,unmatched,,,,,,,skip,unmatched,,
274012004/ST1,,,,,,,skip,unmatched,,,,,,,skip,unmatched,,
274014004/ST1,,,,,,,skip,unmatched,,,,,,,skip,unmatched,,
274017004/ST1,,,,,,,skip,unmatched,,,,,,,skip,unmatched,,
274031004/ST1,,,,,,,skip,unmatched,,,,,,,skip,unmatched,,
277010008/ST1,,,,,,,skip,unmatched,,,,,,,skip,unmatched,,
277040008/ST1,,,,,,,skip,unmatched,,,,,,,skip,unmatched,,
278102208/UKS,STIG-278102208/UKS,Stiga GT 500e KIT 48v Cordless Grass-Trimmer (Inc. Battery & Charger),189.0,195.0,6.0,3.2,apply,,,,,,,,skip,workbook_qty_missing,97.0,tfidf+rapidfuzz
278302208/UKS,STIG-278302208/UKS,Stiga HT 500e KIT 48v Cordless Hedgetrimmer (Inc. Battery & Charger),199.0,205.0,6.0,3.0,apply,,,,,,,,skip,workbook_qty_missing,97.0,tfidf+rapidfuzz
278502208/UKS,STIG-278502208/UKS,Stiga BL 500e KIT 48v Cordless Leaf-Blower (Inc. Battery & Charger),199.0,205.0,6.0,3.0,apply,,,,,,,,skip,workbook_qty_missing,97.0,tfidf+rapidfuzz
278722208/UKS,,,,,,,skip,unmatched,,,,,,,skip,unmatched,,
279000004/ST1,,,,,,,skip,unmatched,,,,,,,skip,unmatched,,
281210003/21,MF-281210003/21,Mountfield TR 425 HJ 4-Stroke Curved-Shaft Petrol Grass-Trimmer (Honda Engine),299.0,305.0,6.0,2.0,apply,,359.0,337.57,,,,,skip,workbook_qty_missing,88.0,tfidf+rapidfuzz
281220003/21,MF-281220003/21,Mountfield BC 425 HJ 4-Stroke Petrol Brushcutter (Honda Engine),319.0,325.0,6.0,1.9,apply,,389.0,365.78,,,,,skip,workbook_qty_missing,97.0,tfidf+rapidfuzz
281221003/21,MF-281221003/21,Mountfield BC 425 HD 4-Stroke Petrol Brushcutter (Honda Engine),359.0,365.0,6.0,1.7,apply,,429.0,403.39,,,,,skip,workbook_qty_missing,97.0,tfidf+rapidfuzz
281320003/21,MF-281320003/21,Mountfield BC 435 H 4-Stroke Petrol Brushcutter (Honda Engine),409.0,419.0,10.0,2.4,apply,,499.0,469.21,,,,,skip,workbook_qty_missing,97.0,tfidf+rapidfuzz
281321003/21,MF-281321003/21,Mountfield BC 435 HD 4-Stroke Petrol Brushcutter (Honda Engine),459.0,470.0,11.0,2.4,apply,,559.0,525.62,,,,,skip,workbook_qty_missing,97.0,tfidf+rapidfuzz
281520003/21,MF-281520003/21,Mountfield BC 450 H 4-Stroke Petrol Brushcutter (Honda Engine),469.0,509.0,40.0,8.5,apply,,599.0,563.24,,,,,skip,workbook_qty_missing,97.0,tfidf+rapidfuzz
281521003/21,MF-281521003/21,Mountfield BC 450 HD 4-Stroke Petrol Brushcutter (Honda Engine),519.0,529.0,10.0,1.9,apply,,629.0,591.45,,,,,skip,workbook_qty_missing,97.0,tfidf+rapidfuzz
283220008/ST1,STIG-283220008/ST1,Stiga BC 730 Petrol Brushcutter,249.0,215.0,-34.0,-13.7,apply,,,,,,,,skip,workbook_qty_missing,97.0,tfidf+rapidfuzz
283221008/ST1,STIG-283221008/ST1,Stiga BC 730 B Petrol Brushcutter,259.0,235.0,-24.0,-9.3,apply,,,,,,,,skip,workbook_qty_missing,97.0,tfidf+rapidfuzz
283320008/ST2,STIG-283321008/ST2,Stiga BC 740 B Petrol Brushcutter,369.0,305.0,-64.0,-17.3,apply,,369.0,339.0,,,,,skip,workbook_qty_missing,97.0,tfidf+rapidfuzz
283321008/ST2,STIG-283321008/ST2,Stiga BC 740 B Petrol Brushcutter,369.0,325.0,-44.0,-11.9,apply,,,,,,,,skip,workbook_qty_missing,97.0,tfidf+rapidfuzz
283420008/ST2,STIG-283424008/ST2,Stiga BC 750 B Petrol Brushcutter,439.0,359.0,-80.0,-18.2,apply,,459.0,399.0,,,,,skip,workbook_qty_missing,97.0,tfidf+rapidfuzz
283424008/ST3,STIG-283424008/ST2,Stiga BC 750 B Petrol Brushcutter,439.0,389.0,-50.0,-11.4,apply,,459.0,439.0,,,,,skip,workbook_qty_missing,97.0,tfidf+rapidfuzz
283524008/ST3,STIG-283524008/ST3,Stiga BC 760 B Petrol Brushcutter,599.0,530.0,-69.0,-11.5,apply,,,,,,,,skip,workbook_qty_missing,97.0,tfidf+rapidfuzz
287110102/ST2,STIG-287110102/ST2,Stiga GT 330 A Curved-Shaft Petrol Grass-Trimmer,149.0,135.0,-14.0,-9.4,apply,,,,,,,,skip,workbook_qty_missing,97.0,tfidf+rapidfuzz
287120102/ST2,STIG-287120102/ST2,Stiga BC 330 A Petrol Brushcutter,159.0,145.0,-14.0,-8.8,apply,,,,,,,,skip,workbook_qty_missing,97.0,tfidf+rapidfuzz
287120123/M16,,,,,,,skip,unmatched,,,,,,,skip,unmatched,,
287120153/M16,,,,,,,skip,unmatched,,,,,,,skip,unmatched,,
287121102/ST2,STIG-287121102/ST2,Stiga BC 330 AB Petrol Brushcutter,179.0,165.0,-14.0,-7.8,apply,,,,,,,,skip,workbook_qty_missing,97.0,tfidf+rapidfuzz
287130152/ST2,,,,,,,skip,unmatched,,,,,,,skip,unmatched,,
287220002/ST1,STIG-287220002/ST1,Stiga BC 535 Petrol Brushcutter,195.0,175.0,-20.0,-10.3,apply,,,,,,,,skip,workbook_qty_missing,97.0,tfidf+rapidfuzz
287221002/ST1,STIG-287221002/ST1,Stiga BC 535 B Petrol Brushcutter,239.0,215.0,-24.0,-10.0,apply,,,,,,,,skip,workbook_qty_missing,97.0,tfidf+rapidfuzz
287320002/ST1,STIG-287321002/ST1,Stiga BC 545 B Petrol Brushcutter,279.0,235.0,-44.0,-15.8,apply,,279.0,259.0,,,,,skip,workbook_qty_missing,97.0,tfidf+rapidfuzz
287321002/ST1,STIG-287321002/ST1,Stiga BC 545 B Petrol Brushcutter,279.0,255.0,-24.0,-8.6,apply,,,,,,,,skip,workbook_qty_missing,97.0,tfidf+rapidfuzz
290602020/16,STIG-290602020/16,Stiga Collection Box for SWS 600 G Self-Propelled Sweeper | 290602020/16,105.0,95.0,-10.0,-9.5,apply,,,,,,,,skip,workbook_qty_missing,77.24,tfidf+rapidfuzz
290602030/16,STIG-290602030/16,Stiga Front Blade for SWS 600 G Self-Propelled Sweeper | 290602030/16,105.0,95.0,-10.0,-9.5,apply,,,,,,,,skip,workbook_qty_missing,93.48,tfidf+rapidfuzz
290802020/16,STIG-COLLECTOR-SWS-800G,Stiga Collection Box for SWS 800 G Self-Propelled Sweeper | 290802020/16,130.0,115.0,-15.0,-11.5,apply,,,,,,,,skip,workbook_qty_missing,77.24,tfidf+rapidfuzz
290802030/16,STIG-290802030/16,Stiga Front Blade for SWS 800 G Self-Propelled Sweeper | 290802030/16,130.0,115.0,-15.0,-11.5,apply,,,,,,,,skip,workbook_qty_missing,93.48,tfidf+rapidfuzz
290950010/10,,,,,,,skip,unmatched,,,,,,,skip,unmatched,,
290950020/10,STIG-SILEX-ROTOV,Stiga Silex Rear-Mounted Rotovator Attachment | 290950020/10,419.0,329.0,-90.0,-21.5,apply,,,369.0,,,,,skip,workbook_qty_missing,84.06,tfidf+rapidfuzz
290950030/10,,,,,,,skip,unmatched,,,,,,,skip,unmatched,,
290950040/10,STIG-BRUSH-COLLECTOR,Stiga Silex Brush & Collector Attachment | 290950040/10,1007.0,819.0,-188.0,-18.7,apply,,,899.0,,,,,skip,workbook_qty_missing,87.01,tfidf+rapidfuzz
290950050/10,STIG-SILEX-SNOW-BLADE,Stiga Silex Snow-Blade Attachment | 290950050/10,304.0,279.0,-25.0,-8.2,apply,,,299.0,,,,,skip,workbook_qty_missing,97.0,tfidf+rapidfuzz
290950070/10,,,,,,,skip,unmatched,,,,,,,skip,unmatched,,
291302063/M21,MF-291302063/M21,Mountfield Electress 30 Li 20v Hand-Propelled Cordless Lawnmower (Inc. Battery & Charger),159.0,165.0,6.0,3.8,apply,,,,,,,,skip,workbook_qty_missing,87.01,tfidf+rapidfuzz
291302168/UKS,STIG-291302168/UKS,Stiga Collector 132e KIT 20v Cordless Lawnmower (Inc. Battery & Charger),179.0,165.0,-14.0,-7.8,apply,,,,,,,,skip,workbook_qty_missing,97.0,tfidf+rapidfuzz
291342063/M26,MF-291342063/M21,Mountfield Electress 34 Li KIT 20v Hand-Propelled Cordless Lawnmower (Inc. Batteries & Charger),209.0,185.0,-24.0,-11.5,apply,,249.0,199.0,,,,,skip,workbook_qty_missing,97.0,tfidf+rapidfuzz
291342168/UKS,STIG-291342168/UKS,Stiga Collector 136e KIT 20v Cordless Lawnmower (Inc. 2 x Batteries & Charger),229.0,199.0,-30.0,-13.1,apply,,,,,,,,skip,workbook_qty_missing,97.0,tfidf+rapidfuzz
291382063/M21,MF-291382063/M21,Mountfield Electress 38 Li KIT 20v Hand-Propelled Cordless Lawnmower (Inc. Batteries & Charger),239.0,245.0,6.0,2.5,apply,,,,,,,,skip,workbook_qty_missing,97.0,tfidf+rapidfuzz
291382168/UKS,STIG-291382168/UKS,Stiga Collector 140e KIT 20v Cordless Lawnmower (Inc. 2 x Batteries & Charger),309.0,245.0,-64.0,-20.7,apply,,,,,,,,skip,workbook_qty_missing,97.0,tfidf+rapidfuzz
291502048/ST2,,,,,,,skip,unmatched,,,,,,,skip,unmatched,,
294340063/M21,MF-PRINCESS-34,Mountfield Princess 34 Electric 4-Wheel Roller Lawnmower,169.0,175.0,6.0,3.6,apply,,,,,,,,skip,workbook_qty_missing,97.0,tfidf+rapidfuzz
294346063/M21,MF-34LI-F48,Mountfield Princess 34 Li KIT 48v Cordless 4-Wheel Rear-Roller Lawnmower (Inc. Battery & Charger),259.0,265.0,6.0,2.3,apply,,,,,,,,skip,workbook_qty_missing,97.0,tfidf+rapidfuzz
294346068/UKS,STIG-294346068/UKS,Stiga Combi 336e KIT 48v 3-in-1 Hand-Propelled Cordless Lawnmower (Inc. Battery & Charger),339.0,265.0,-74.0,-21.8,apply,,,,,,,,skip,workbook_qty_missing,97.0,tfidf+rapidfuzz
294380063/M21,MF-PRINCESS-38,Mountfield Princess 38 Electric 4-Wheel Roller Lawnmower,199.0,205.0,6.0,3.0,apply,,,,,,,,skip,workbook_qty_missing,97.0,tfidf+rapidfuzz
294386063/M21,294386063/M26,Mountfield Princess 38 Li KIT 48v Cordless 4-Wheel Rear-Roller Lawnmower (Inc. Battery & Charger),349.0,339.0,-10.0,-2.9,apply,,399.0,369.0,,,,,skip,workbook_qty_missing,97.0,tfidf+rapidfuzz
294386068/UKS,STIG-294386068/UKS,Stiga Combi 340e KIT 48v 3-in-1 Hand-Propelled Cordless Lawnmower (Inc. Battery & Charger),399.0,325.0,-74.0,-18.5,apply,,,,,,,,skip,workbook_qty_missing,97.0,tfidf+rapidfuzz
294426068/UKS,STIG-294426068/UKS,Stiga Combi 344e KIT 48v 3-in-1 Hand-Propelled Cordless Lawnmower (Inc. Battery & Charger),389.0,359.0,-30.0,-7.7,apply,,,,,,,,skip,workbook_qty_missing,97.0,tfidf+rapidfuzz
294502837/AT9,,,,,,,skip,unmatched,,,,,,,skip,unmatched,,
294512048/ST1,,,,,,,skip,unmatched,,,,,,,skip,unmatched,,
294513048/ST1,,,,,,,skip,unmatched,,,,,,,skip,unmatched,,
294513837/AT9,,,,,,,skip,unmatched,,,,,,,skip,unmatched,,
294513998/UKS,STIG-294513998/ST1,Stiga Twinclip 950e V KIT 48v 4-in-1 Variable-Speed Cordless Lawnmower (Inc. Batteries & Charger),969.0,999.0,30.0,3.1,apply,,,,,,,,skip,workbook_qty_missing,97.0,tfidf+rapidfuzz
294519037/AT1,C-294519037/AT1,Atco Liner 19SH V Variable-Speed Petrol Rear-Roller Lawnmower (Honda Engine),819.0,839.0,20.0,2.4,apply,,,,,,,,skip,workbook_qty_missing,76.88,tfidf+rapidfuzz
294519043/M22,,,,,,,skip,unmatched,,,,,,,skip,unmatched,,
294519198/ST1,STIG-294519198/ST1,Stiga Twinclip 950e VR KIT 48v Variable-Speed Cordless Rear-Roller Lawnmower (Inc. 2 x Batteries & Charger),1379.0,1029.0,-350.0,-25.4,apply,,,1129.0,,,,,skip,workbook_qty_missing,97.0,tfidf+rapidfuzz
294556043/M22,,,,,,,skip,unmatched,,,,,,,skip,unmatched,,
294556838/ST1,,,,,,,skip,unmatched,,,,,,,skip,unmatched,,
294563033/M22,,,,,,,skip,unmatched,,,,,,,skip,unmatched,,
294563837/AT1,,,,,,,skip,unmatched,,,,,,,skip,unmatched,,
294563838/ST1,,,,,,,skip,unmatched,,,,,,,skip,unmatched,,
294569033/M22,,,,,,,skip,unmatched,,,,,,,skip,unmatched,,
294569037/AT20,C-294569037/AT1,Atco Liner 22SH V Variable-Speed Petrol Rear-Roller Lawnmower (Honda Engine),939.0,959.0,20.0,2.1,apply,,,,,,,,skip,workbook_qty_missing,76.88,tfidf+rapidfuzz
294569048/ST1,STIG-294569048/ST1,Stiga Twinclip 955 VR Variable-Speed Petrol Rear-Roller Lawnmower,899.0,919.0,20.0,2.2,apply,,,,,,,,skip,workbook_qty_missing,97.0,tfidf+rapidfuzz
297411043/M21,,,,,,,skip,unmatched,,,,,,,skip,unmatched,,
297412043/M21,,,,,,,skip,unmatched,,,,,,,skip,unmatched,,
298472048/ST1,STIG-298472048/ST2,Stiga Multiclip 547 S Self-Propelled Petrol Mulching Lawnmower,449.0,309.0,-140.0,-31.2,apply,,,339.0,,,,,skip,workbook_qty_missing,87.74,tfidf+rapidfuzz
298473278/ST1,,,,,,,skip,unmatched,,,,,,,skip,unmatched,,
299439043/M19,,,,,,,skip,unmatched,,,,,,,skip,unmatched,,
299439047/AT1,C-299439047/AT1,Atco Liner 16S Self-Propelled Petrol Rear-Roller Lawnmower,399.0,359.0,-40.0,-10.0,apply,,419.0,399.0,,,,,skip,workbook_qty_missing,97.0,tfidf+rapidfuzz
299439073/M22,,,,,,,skip,unmatched,,,,,,,skip,unmatched,,
299439077/AT1,AT-299439077/AT1,Atco Liner 16S Li KIT 48v Cordless Self-Propelled Roller Lawnmower (Inc. Batteries & Charger),559.0,575.0,16.0,2.9,apply,,,,,,,,skip,workbook_qty_missing,97.0,tfidf+rapidfuzz
299489037/AT9,C-299489037/AT9,Atco Liner 18SH Self-Propelled Petrol Rear-Roller Lawnmower,499.0,509.0,10.0,2.0,apply,,,,,,,,skip,workbook_qty_missing,97.0,tfidf+rapidfuzz
299489043/M19,,,,,,,skip,unmatched,,,,,,,skip,unmatched,,
299489073/M22,MF-299489073/M22,Mountfield Empress 46 Li KIT 4-in-1 Self-Propelled Cordless Lawnmower (Inc. 2 x Batteries & Charger),649.0,665.0,16.0,2.5,apply,,,,,,,,skip,workbook_qty_missing,82.49,tfidf+rapidfuzz
299489077/AT1,AT-299489077/AT1,Atco Liner 18S Li KIT 48v Cordless Self-Propelled Roller Lawnmower (Inc. Batteries & Charger),649.0,665.0,16.0,2.5,apply,,,,,,,,skip,workbook_qty_missing,97.0,tfidf+rapidfuzz
2C1351811/UKS,STIG-HPS235R,Stiga HPS 235 R Electric Pressure-Washer,189.0,155.0,-34.0,-18.0,apply,,189.0,169.0,,,,,skip,workbook_qty_missing,97.0,tfidf+rapidfuzz
2C1452113/UKS,STIG-HPS345R,Stiga HPS 345 R Electric Pressure-Washer,309.0,255.0,-54.0,-17.5,apply,,309.0,289.0,,,,,skip,workbook_qty_missing,97.0,tfidf+rapidfuzz
2C1502504/UKS,STIG-HPS550R,Stiga HPS 550 R Electric Pressure-Washer,479.0,409.0,-70.0,-14.6,apply,,479.0,459.0,,,,,skip,workbook_qty_missing,97.0,tfidf+rapidfuzz
2C1502804/UKS,STIG-HPS650RG,Stiga HPS 650 RG Electric Pressure-Washer,559.0,509.0,-50.0,-8.9,apply,,,,,,,,skip,workbook_qty_missing,97.0,tfidf+rapidfuzz
2D6209521/ST2,STIG-PARK-95-COMBI-EL,Stiga Park Combi 95 Q Plus QuickFlip Cutter Deck | 2D6209521/ST2,955.0,979.0,24.0,2.5,apply,,,,,,,,skip,workbook_qty_missing,97.0,tfidf+rapidfuzz
2D6210021/ST2,STIG-2D6210021/ST2,Stiga Park Combi 100 Q Plus QuickFlip Cutter Deck | 2D6210021/ST2,1200.0,1249.0,49.0,4.1,apply,,,,,,,,skip,workbook_qty_missing,97.0,tfidf+rapidfuzz
2D6311021/ST2,STIG-2D6311021/ST2,Stiga Park Combi Pro 110 Q Plus QuickFlip Cutter Deck | 2D6311021/ST2,1800.0,1849.0,49.0,2.7,apply,,,,,,,,skip,workbook_qty_missing,97.0,tfidf+rapidfuzz
2D6312521/ST2,STIG-2D6312521/ST2,Stiga Park Combi Pro 125 Q Plus QuickFlip Cutter Deck | 2D6312521/ST2,1900.0,1949.0,49.0,2.6,apply,,,,,,,,skip,workbook_qty_missing,97.0,tfidf+rapidfuzz
2F5820245/ST1,STIG-2F5820245/ST1,Stiga Park 300 LC Front-Cut Ride-On Lawnmower (Inc. 85cm Manual-Lift Deck),2999.0,3099.0,100.0,3.3,apply,,,,,,,,skip,workbook_qty_missing,97.0,tfidf+rapidfuzz
2F5820425/ST1,STIG-2F5820425/ST1,Stiga Park 300 RC Front-Cut Ride-On Lawnmower (Inc. 95cm Electric-Lift Deck),3699.0,3399.0,-300.0,-8.1,apply,,,,,,,,skip,workbook_qty_missing,97.0,tfidf+rapidfuzz
2F6120545/ST2,STIG-2F6120545/ST2,Stiga Park 500 Front-Cut Ride-On Lawnmower (Excluding Deck),3299.0,3399.0,100.0,3.0,apply,,,,,,,,skip,workbook_qty_missing,97.0,tfidf+rapidfuzz
2F6120645/ST2,PARK500W_100COMBI,Stiga Park 500 W V-Twin Front-Cut Ride-On Lawnmower Including Combi 100 Q Plus Deck,4999.0,3899.0,-1100.0,-22.0,apply,,5678.0,4299.0,,,,,skip,workbook_qty_missing,97.0,tfidf+rapidfuzz
2F6130535/ST2,,,,,,,skip,unmatched,,,,,,,skip,unmatched,,
2F6130645/ST2,STIG-2F6130645/ST2,Stiga Park 500 WX 4WD V-Twin Front-Cut Ride-On Lawnmower (Excluding Deck),4499.0,4599.0,100.0,2.2,apply,,5559.0,5099.0,,,,,skip,workbook_qty_missing,97.0,tfidf+rapidfuzz
2F6220845/ST1,STIG-2F6220745/ST2,Stiga Park 700 W V-Twin Front-Cut Ride-On Lawnmower (Excluding Deck),5099.0,5249.0,150.0,2.9,apply,,,,,,,,skip,workbook_qty_missing,97.0,tfidf+rapidfuzz
2F6230845/ST1,STIG-2F6230745/ST2,Stiga Park 700 WX 4WD V-Twin Front-Cut Ride-On Lawnmower (Excluding Deck),6099.0,6249.0,150.0,2.5,apply,,,,,,,,skip,workbook_qty_missing,97.0,tfidf+rapidfuzz
2F6430831/ST2,STIG-2F6430831/ST2,Stiga Park Pro 900 WX 4WD V-Twin Front-Cut Ride-On Lawnmower (Excluding Deck),10599.0,10899.0,300.0,2.8,apply,,,,,,,,skip,workbook_qty_missing,97.0,tfidf+rapidfuzz
2F6430931/ST2,STIG-2F6430931/ST2,Stiga Park Pro 900 AWX 4WD V-Twin Front-Cut Ride-On Lawnmower (Excluding Deck),14449.0,12949.0,-1500.0,-10.4,apply,,14599.0,14499.0,,,,,skip,workbook_qty_missing,97.0,tfidf+rapidfuzz
2F7064705/ST1,,,,,,,skip,unmatched,,,,,,,skip,unmatched,,
2L0431048/M19,,,,,,,skip,unmatched,,,,,,,skip,unmatched,,
2L0431048/ST1,,,,,,,skip,unmatched,,,,,,,skip,unmatched,,
2L0432048/M19,,,,,,,skip,unmatched,,,,,,,skip,unmatched,,
2L0432847/AT1,,,,,,,skip,unmatched,,,,,,,skip,unmatched,,
2L0482008/M24,,,,,,,skip,unmatched,,,,,,,skip,unmatched,,
2L0482008/UKS,,,,,,,skip,unmatched,,,,,,,skip,unmatched,,
2L0482048/M21,,,,,,,skip,unmatched,,,,,,,skip,unmatched,,
2L0482348/ST1,,,,,,,skip,unmatched,,,,,,,skip,unmatched,,
2L0486038/M19,,,,,,,skip,unmatched,,,,,,,skip,unmatched,,
2L0486548/ST2,,,,,,,skip,unmatched,,,,,,,skip,unmatched,,
2L0486848/ST2,STIG-2L0486848/ST2,Stiga Combi 748 S 4-in-1 Self-Propelled Petrol Lawnmower,459.0,409.0,-50.0,-10.9,apply,,,,,,,,skip,workbook_qty_missing,97.0,tfidf+rapidfuzz
2L0487838/ST2,STIG-2L0487838/ST2,Stiga Combi 748 V 4-in-1 Variable-Speed Petrol Lawnmower (with Honda Engine),579.0,499.0,-80.0,-13.8,apply,,,,,,,,skip,workbook_qty_missing,97.0,tfidf+rapidfuzz
2L0487978/ST1,STIG-2L0487978/ST1,Stiga Combi 748e V KIT 48v 4-in-1 Variable-Speed Cordless Lawnmower (Inc. Batteries & Charger),809.0,619.0,-190.0,-23.5,apply,,819.0,689.0,,,,,skip,workbook_qty_missing,97.0,tfidf+rapidfuzz
2L0536038/M21,,,,,,,skip,unmatched,,,,,,,skip,unmatched,,
2L0536048/M21,,,,,,,skip,unmatched,,,,,,,skip,unmatched,,
2L0536548/ST2,STIG-2L0536548/ST2,Stiga Combi 753 SE 4-in-1 Self-Propelled Petrol Lawnmower with Electric Start,579.0,479.0,-100.0,-17.3,apply,,,,,,,,skip,workbook_qty_missing,97.0,tfidf+rapidfuzz
2L0536848/ST2,STIG-2L0536848/ST2,Stiga Combi 753 S 4-in-1 Self-Propelled Petrol Lawnmower,429.0,439.0,10.0,2.3,apply,,,,,,,,skip,workbook_qty_missing,97.0,tfidf+rapidfuzz
2L0537838/ST2,STIG-2L0537838/ST2,Stiga Combi 753 V 4-in-1 Variable-Speed Petrol Lawnmower (with Honda Engine),609.0,539.0,-70.0,-11.5,apply,,,,,,,,skip,workbook_qty_missing,97.0,tfidf+rapidfuzz
2L0537978/UKS,STIG-2L0537978/UKS,Stiga Combi 753e V KIT 48v 4-in-1 Variable-Speed Cordless Lawnmower (Inc. 2 x Batteries & Charger),919.0,769.0,-150.0,-16.3,apply,,929.0,853.0,,,,,skip,workbook_qty_missing,97.0,tfidf+rapidfuzz
2S2726611/ST1,,,,,,,skip,unmatched,,,,,,,skip,unmatched,,
2S2767615/ST1,,,,,,,skip,unmatched,,,,,,,skip,unmatched,,
2T0052483/CAS,,,,,,,skip,unmatched,,,,,,,skip,unmatched,,
2T0070481/ST2,STIG-2T0070481/ST2,Stiga Combi 166 Compact Rear-Collect & Side-Discharge Ride-On Mower with Hydrostatic Drive,1799.0,1899.0,100.0,5.6,apply,,2039.0,1939.0,,,,,skip,workbook_qty_missing,88.0,tfidf+rapidfuzz
2T0210481/ST2,STIG-2T0210481/ST2,Stiga Combi 372 Compact Rear-Collect Ride-On Mower with Hydrostatic Drive,2199.0,2299.0,100.0,4.5,apply,,2669.0,2399.0,,,,,skip,workbook_qty_missing,97.0,tfidf+rapidfuzz
2T0210483/M22,,,,,,,skip,unmatched,,,,,,,skip,unmatched,,
2T0250481/ST1M,,,,,,,skip,unmatched,,,,,,,skip,unmatched,,
2T0510481/ST3,STIGA-398M,Stiga Tornado 398M Side-Discharge Lawn Tractor,1799.0,1899.0,100.0,5.6,apply,,,,,,,,skip,workbook_qty_missing,76.88,tfidf+rapidfuzz
2T0510483/M25,MF-2T0510483/M25,Mountfield 1538M-SD Side-Discharge Lawn Tractor with Manual Drive,1949.0,1899.0,-50.0,-2.6,apply,,,1949.0,,,,,skip,workbook_qty_missing,97.0,tfidf+rapidfuzz
2T0610481/ST1,STIG-2T0610481/ST1,Stiga Tornado 398 Side-Discharge Lawn Tractor with Hydrostatic Drive,2199.0,2299.0,100.0,4.5,apply,,,,,,,,skip,workbook_qty_missing,97.0,tfidf+rapidfuzz
2T0620483/M25,MF-2T0620483/M25,Mountfield 1538H-SD Side-Discharge Lawn Tractor with Hydrostatic Drive,2199.0,2299.0,100.0,4.5,apply,,,,,,,,skip,workbook_qty_missing,88.0,tfidf+rapidfuzz
2T0660481/ST2,,,,,,,skip,unmatched,,,,,,,skip,unmatched,,
2T0665481/ST2,,,,,,,skip,unmatched,,,,,,,skip,unmatched,,
2T0670481/ST1,,,,,,,skip,unmatched,,,,,,,skip,unmatched,,
2T0810481/ST1,,,,,,,skip,unmatched,,,,,,,skip,unmatched,,
2T0830447/AT1,,,,,,,skip,unmatched,,,,,,,skip,unmatched,,
2T0830481/ST1,,,,,,,skip,unmatched,,,,,,,skip,unmatched,,
2T0830483/M25,,,,,,,skip,unmatched,,,,,,,skip,unmatched,,
2T0970381/ST1,,,,,,,skip,unmatched,,,,,,,skip,unmatched,,
2T0980483/M25,,,,,,,skip,unmatched,,,,,,,skip,unmatched,,
2T0990481/ST1,,,,,,,skip,unmatched,,,,,,,skip,unmatched,,
2T1210447/AT2,,,,,,,skip,unmatched,,,,,,,skip,unmatched,,
2T1210483/M25,MF-2T1210483/M25,Mountfield 1543H-SD Side-Discharge Lawn Tractor with Hydrostatic Drive,2399.0,2499.0,100.0,4.2,apply,,,,,,,,skip,workbook_qty_missing,88.0,tfidf+rapidfuzz
2T1215481/ST1,STIG-2T1215481/ST1,Stiga Tornado 5108 Side-Discharge Garden Tractor with Hydrostatic Drive,2499.0,2499.0,0.0,0.0,apply,,2909.0,2619.0,,,,,skip,workbook_qty_missing,97.0,tfidf+rapidfuzz
2T1220481/ST2,STIG-2T1220481/ST2,Stiga Tornado 5108 W Side-Discharge V-Twin Garden Tractor with Hydrostatic Drive,2799.0,2899.0,100.0,3.6,apply,,3259.0,2999.0,,,,,skip,workbook_qty_missing,97.0,tfidf+rapidfuzz
2T1270481/ST2,STIGA-7108E,Stiga Tornado 7108e Battery-Powered Side-Discharge Garden Tractor with Stepless Electronic Drive,4999.0,5199.0,200.0,4.0,apply,,6629.0,5399.0,,,,,skip,workbook_qty_missing,97.0,tfidf+rapidfuzz
2T1275481/ST1,,,,,,,skip,unmatched,,,,,,,skip,unmatched,,
2T1315381/ST1,,,,,,,skip,unmatched,,,,,,,skip,unmatched,,
2T1430381/ST2,,,,,,,skip,unmatched,,,,,,,skip,unmatched,,
2T1535381/ST2,,,,,,,skip,unmatched,,,,,,,skip,unmatched,,
2T1835381/ST1,,,,,,,skip,unmatched,,,,,,,skip,unmatched,,
2T1850481/ST1,STIG-2T1835481/ST1,Stiga Tornado 7108 W Side-Discharge V-Twin Garden Tractor with Hydrostatic Drive,4099.0,4099.0,0.0,0.0,apply,,4799.0,4299.0,,,,,skip,workbook_qty_missing,97.0,tfidf+rapidfuzz
2T1950381/ST1,2T1950381/ST1,Stiga Tornado 9121 W Side-Discharge V-Twin Garden Tractor with Hydrostatic Drive,4999.0,5149.0,150.0,3.0,apply,,,,,,,,skip,workbook_qty_missing,83.06,tfidf+rapidfuzz
2T2000481/ST3,STIG-2T2000481/ST3,Stiga Estate 384 M Rear-Collect Lawn Tractor with Manual Drive,2099.0,2099.0,,,skip,no_change,,,,,,,skip,workbook_qty_missing,97.0,tfidf+rapidfuzz
2T2010483/M25,2T2010483/M25,Mountfield 1330M Gear Drive 2-in-1 Lawn Tractor,2099.0,2099.0,,,skip,no_change,,,,,,,skip,workbook_qty_missing,88.0,tfidf+rapidfuzz
2T2100481/ST1,STIG-2T2100481/ST1,Stiga Estate 384 Rear-Collect Lawn Tractor with Hydrostatic Drive,2499.0,2599.0,100.0,4.0,apply,,,,,,,,skip,workbook_qty_missing,97.0,tfidf+rapidfuzz
2T2110447/AT2,AT-2T2110447/AT2,Atco GT 30H Rear-Collect Lawn Tractor with Hydrostatic Drive,2499.0,2599.0,100.0,4.0,apply,,,,,,,,skip,workbook_qty_missing,88.0,tfidf+rapidfuzz
2T2120483/M25,,,,,,,skip,unmatched,,,,,,,skip,unmatched,,
2T2200481/ST2,STIG-2T2200481/ST1,Stiga Estate 384e Battery-Powered Rear-Collect Lawn Tractor with Stepless Electronic Drive,3999.0,3849.0,-150.0,-3.8,apply,,4599.0,3999.0,,,,,skip,workbook_qty_missing,97.0,tfidf+rapidfuzz
2T2205481/ST2,STIG-2T2205481/ST2,Stiga Estate 584e Battery-Powered Rear-Collect Lawn Tractor with Stepless Electronic Drive,4299.0,4499.0,200.0,4.7,apply,,,,,,,,skip,workbook_qty_missing,97.0,tfidf+rapidfuzz
2T2210481/ST1,,,,,,,skip,unmatched,,,,,,,skip,unmatched,,
2T2620481/ST2,STIG-2T2620481/ST2,Stiga Estate 598 Rear-Collect Lawn Tractor with Hydrostatic Drive,2899.0,2899.0,0.0,0.0,apply,,3369.0,2999.0,,,,,skip,workbook_qty_missing,97.0,tfidf+rapidfuzz
2T2620483/M25,,,,,,,skip,unmatched,,,,,,,skip,unmatched,,
2T2630447/AT2,AT-2T2630447/AT2,Atco GT 38H Rear-Collect V-Twin Garden Tractor with Hydrostatic Drive,2899.95,3099.0,199.05,6.9,apply,,3489.0,3249.0,,,,,skip,workbook_qty_missing,92.01,tfidf+rapidfuzz
2T2630481/ST2,C-2T2630481/ST2,Stiga Estate 598 W Rear-Collect V-Twin Garden Tractor with Hydrostatic Drive,2999.0,3099.0,100.0,3.3,apply,,3489.0,3249.0,,,,,skip,workbook_qty_missing,97.0,tfidf+rapidfuzz
2T2630483/M22,,,,,,,skip,unmatched,,,,,,,skip,unmatched,,
2T2800481/ST2,STIG-2T2800481/ST2,Stiga Estate 798e Battery-Powered Rear-Collect Lawn Tractor with Stepless Electronic Drive,5999.0,5649.0,-350.0,-5.8,apply,,6979.0,5899.0,,,,,skip,workbook_qty_missing,97.0,tfidf+rapidfuzz
2T2805481/ST1,,,,,,,skip,unmatched,,,,,,,skip,unmatched,,
2W0755011/ST1,,,,,,,skip,unmatched,,,,,,,skip,unmatched,,
2W0775012/ST1,,,,,,,skip,unmatched,,,,,,,skip,unmatched,,
PROMO_BC700EBKIT_U,,,,,,,skip,unmatched,,,,,,,skip,unmatched,,
PROMO_BC700EKIT_U,,,,,,,skip,unmatched,,,,,,,skip,unmatched,,
PROMO_CS700EKIT_U,,,,,,,skip,unmatched,,,,,,,skip,unmatched,,
