shopify_sku,source,shopify_title
274014004/ST1,miss_fixup,Stiga E440 48v/4Ah ePower Lithium-Ion Battery 274014004/ST1
294386063/M26,main_sync,Mountfield Princess 38 Li KIT 48v Cordless 4-Wheel Rear-Roller Lawnmower (Inc. Battery & Charger)
2L0486038/M19,miss_fixup,Mountfield SP46 Elite 3-in-1 Self-Propelled Petrol Lawnmower (with Honda Engine)
2L0536048/M21,miss_fixup,Mountfield SP53 Self-Propelled 3-in-1 Petrol Lawnmower
2T1950381/ST1,main_sync,Stiga Tornado 9121 W Side-Discharge V-Twin Garden Tractor with Hydrostatic Drive
AT-299439077/AT1,main_sync,Atco Liner 16S Li KIT 48v Cordless Self-Propelled Roller Lawnmower (Inc. Batteries & Charger)
AT-299489077/AT1,main_sync,Atco Liner 18S Li KIT 48v Cordless Self-Propelled Roller Lawnmower (Inc. Batteries & Charger)
AT-2T2110447/AT2,main_sync,Atco GT 30H Rear-Collect Lawn Tractor with Hydrostatic Drive
AT-2T2630447/AT2,main_sync,Atco GT 38H Rear-Collect V-Twin Garden Tractor with Hydrostatic Drive
C-294519037/AT1,main_sync,Atco Liner 19SH V Variable-Speed Petrol Rear-Roller Lawnmower (Honda Engine)
C-294569037/AT1,main_sync,Atco Liner 22SH V Variable-Speed Petrol Rear-Roller Lawnmower (Honda Engine)
C-299439047/AT1,main_sync,Atco Liner 16S Self-Propelled Petrol Rear-Roller Lawnmower
C-299489037/AT9,main_sync,Atco Liner 18SH Self-Propelled Petrol Rear-Roller Lawnmower
C-2T2630481/ST2,main_sync,Stiga Estate 598 W Rear-Collect V-Twin Garden Tractor with Hydrostatic Drive
MF-271021100/21,miss_fixup,Mountfield C 215 DU 20v Freedom 100 Dual Standard Charger
MF-271102203/MUK,main_sync,Mountfield MTR 20 Li KIT 20v Cordless Grass-Trimmer (Inc. Battery & Charger)
MF-271302203/MUK,main_sync,Mountfield MHT 20 Li KIT 20v Cordless Hedgetrimmer (Inc. Battery & Charger)
MF-271504203/MUK,miss_fixup,Mountfield MAB 20 Li Cordless Leaf-Blower
MF-271724203/MUK,main_sync,"Mountfield MMT 20 Li KIT 20v Cordless Multi-Tool (Inc, Battery & Charger)"
MF-274014004/ST1,miss_fixup,Mountfield B440 48v/4Ah Freedom 500 Lithium-Ion Battery
MF-281210003/21,main_sync,Mountfield TR 425 HJ 4-Stroke Curved-Shaft Petrol Grass-Trimmer (Honda Engine)
MF-281220003/21,main_sync,Mountfield BC 425 HJ 4-Stroke Petrol Brushcutter (Honda Engine)
MF-281221003/21,main_sync,Mountfield BC 425 HD 4-Stroke Petrol Brushcutter (Honda Engine)
MF-281320003/21,main_sync,Mountfield BC 435 H 4-Stroke Petrol Brushcutter (Honda Engine)
MF-281321003/21,main_sync,Mountfield BC 435 HD 4-Stroke Petrol Brushcutter (Honda Engine)
MF-281520003/21,main_sync,Mountfield BC 450 H 4-Stroke Petrol Brushcutter (Honda Engine)
MF-281521003/21,main_sync,Mountfield BC 450 HD 4-Stroke Petrol Brushcutter (Honda Engine)
MF-287120153/M16,miss_fixup,Mountfield MMT 2605 5-in-1 Petrol Multi-Tool
MF-291302063/M21,main_sync,Mountfield Electress 30 Li 20v Hand-Propelled Cordless Lawnmower (Inc. Battery & Charger)
MF-291342063/M21,main_sync,Mountfield Electress 34 Li KIT 20v Hand-Propelled Cordless Lawnmower (Inc. Batteries & Charger)
MF-291382063/M21,main_sync,Mountfield Electress 38 Li KIT 20v Hand-Propelled Cordless Lawnmower (Inc. Batteries & Charger)
MF-299489073/M22,main_sync,Mountfield Empress 46 Li KIT 4-in-1 Self-Propelled Cordless Lawnmower (Inc. 2 x Batteries & Charger)
MF-2T0210483/M22,miss_fixup,Mountfield 1328H Compact Rear-Collect Ride-On Mower with Hydrostatic Drive
MF-2T0510483/M25,main_sync,Mountfield 1538M-SD Side-Discharge Lawn Tractor with Manual Drive
MF-2T0620483/M25,main_sync,Mountfield 1538H-SD Side-Discharge Lawn Tractor with Hydrostatic Drive
MF-2T0830483/M25,miss_fixup,Mountfield 1738H Rear-Collect V-Twin Garden Tractor with Hydrostatic Drive
MF-2T0980483/M25,miss_fixup,Mountfield 2240H Rear-Collect V-Twin Garden Tractor with Hydrostatic Drive
MF-2T1210483/M25,main_sync,Mountfield 1543H-SD Side-Discharge Lawn Tractor with Hydrostatic Drive
MF-2T2120483/M25,miss_fixup,Mountfield 1530H Rear-Collect Lawn Tractor with Hydrostatic Drive
MF-2T2620483/M25,miss_fixup,Mountfield 1538H Rear-Collect Lawn Tractor with Hydrostatic Drive
MF-2T2630483/M22,miss_fixup,Mountfield 1638H Rear-Collect V-Twin Garden Tractor with Hydrostatic Drive
MF-34LI-F48,main_sync,Mountfield Princess 34 Li KIT 48v Cordless 4-Wheel Rear-Roller Lawnmower (Inc. Battery & Charger)
MF-MANOR-COMPACT-36,main_sync,Mountfield Manor Compact 36 V Petrol Front-Tine Cultivator
MF-PRINCESS-34,main_sync,Mountfield Princess 34 Electric 4-Wheel Roller Lawnmower
MF-PRINCESS-38,main_sync,Mountfield Princess 38 Electric 4-Wheel Roller Lawnmower
PARK500W_100COMBI,main_sync,Stiga Park 500 W V-Twin Front-Cut Ride-On Lawnmower Including Combi 100 Q Plus Deck
STIG-210870042/ST2,main_sync,Stiga Silex 87 G Scythe Mower
STIG-211400248/ST1,main_sync,Stiga SVP 40 G Petrol Scarifier
STIG-213851142/ST1,main_sync,Stiga SRC 685 RG Petrol Front-Tine Tiller
STIG-219602532/S17,main_sync,Stiga SWS 600 G Self-Propelled Sweeper
STIG-240271002/ST2,miss_fixup,"Stiga PR 730 Top-Handle Petrol Arborist’s Chainsaw with 3/8"" Chain (25cm Guide Bar)"
STIG-240271012/ST2,miss_fixup,"Stiga PR 730 C Top-Handle Petrol Arborist’s Chainsaw with 1/4"" Chain (25cm Guide Bar)"
STIG-240381402/ST1,main_sync,Stiga CS 540 Petrol Chainsaw (35cm Guide Bar)
STIG-240421602/ST1,main_sync,Stiga CS 545 Petrol Chainsaw (40cm Guide Bar)
STIG-240461802/ST1,main_sync,Stiga CS 750 Petrol Chainsaw (45cm Guide Bar)
STIG-240521802/ST1,main_sync,Stiga CS 755 Petrol Chainsaw (45cm Guide Bar)
STIG-252421008/ST2,main_sync,Stiga HT 525 Petrol Hedgetrimmer (60cm Blades)
STIG-255127002/ST1,main_sync,Stiga BL 530 V Petrol Blower-Vac
STIG-255127092/ST2,main_sync,Stiga BL 530 Petrol Leaf-Blower
STIG-255175102/ST1,main_sync,Stiga BL 980 R Backpack Blower
STIG-271012008/ST1,miss_fixup,Stiga E22 20v/2Ah ePower Lithium-Ion Battery | 271012008/ST1
STIG-271014008/ST1,miss_fixup,Stiga E24 20v/4Ah ePower Lithium-Ion Battery | 271014008/ST1
STIG-271021000/21,miss_fixup,Stiga C 215 SU 20v ePower Single-Port Battery Charger | 271021000/21
STIG-271021100/21,miss_fixup,Stiga C 215 DU 20v ePower Twin-Port Battery Charger | 271021100/21
STIG-271102218/UKS,main_sync,Stiga GT 100e KIT 20v 2-in-1 Cordless Grass-Trimmer & Lawn Edger (Inc. Battery & Charger)
STIG-271302218/UKS,main_sync,Stiga HT 100e KIT 20v Cordless Hedgetrimmer (Inc. Battery & Charger)
STIG-271504218/UKS,main_sync,Stiga BL 100e KIT 20v Cordless Leaf-Blower (Inc. Battery & Charger)
STIG-271504298/UKS,main_sync,Stiga VS 100e KIT 20v Cordless Blower-Vac (Inc. 2 x Batteries & Charger)
STIG-271724218/UKS,main_sync,Stiga MT 100e KIT 20v Cordless Multi-Tool (Inc. Battery & Charger)
STIG-274012004/ST1,miss_fixup,Stiga E420 48v/2Ah ePower Lithium-Ion Battery | 274012004/ST1
STIG-278102208/UKS,main_sync,Stiga GT 500e KIT 48v Cordless Grass-Trimmer (Inc. Battery & Charger)
STIG-278302208/UKS,main_sync,Stiga HT 500e KIT 48v Cordless Hedgetrimmer (Inc. Battery & Charger)
STIG-278502208/UKS,main_sync,Stiga BL 500e KIT 48v Cordless Leaf-Blower (Inc. Battery & Charger)
STIG-283220008/ST1,main_sync,Stiga BC 730 Petrol Brushcutter
STIG-283221008/ST1,main_sync,Stiga BC 730 B Petrol Brushcutter
STIG-283321008/ST2,main_sync,Stiga BC 740 B Petrol Brushcutter
STIG-283424008/ST2,main_sync,Stiga BC 750 B Petrol Brushcutter
STIG-283524008/ST3,main_sync,Stiga BC 760 B Petrol Brushcutter
STIG-287110102/ST2,main_sync,Stiga GT 330 A Curved-Shaft Petrol Grass-Trimmer
STIG-287120102/ST2,main_sync,Stiga BC 330 A Petrol Brushcutter
STIG-287121102/ST2,main_sync,Stiga BC 330 AB Petrol Brushcutter
STIG-287220002/ST1,main_sync,Stiga BC 535 Petrol Brushcutter
STIG-287221002/ST1,main_sync,Stiga BC 535 B Petrol Brushcutter
STIG-287321002/ST1,main_sync,Stiga BC 545 B Petrol Brushcutter
STIG-290602020/16,main_sync,Stiga Collection Box for SWS 600 G Self-Propelled Sweeper | 290602020/16
STIG-290602030/16,main_sync,Stiga Front Blade for SWS 600 G Self-Propelled Sweeper | 290602030/16
STIG-290802030/16,main_sync,Stiga Front Blade for SWS 800 G Self-Propelled Sweeper | 290802030/16
STIG-291302168/UKS,main_sync,Stiga Collector 132e KIT 20v Cordless Lawnmower (Inc. Battery & Charger)
STIG-291342168/UKS,main_sync,Stiga Collector 136e KIT 20v Cordless Lawnmower (Inc. 2 x Batteries & Charger)
STIG-291382168/UKS,main_sync,Stiga Collector 140e KIT 20v Cordless Lawnmower (Inc. 2 x Batteries & Charger)
STIG-294346068/UKS,main_sync,Stiga Combi 336e KIT 48v 3-in-1 Hand-Propelled Cordless Lawnmower (Inc. Battery & Charger)
STIG-294386068/UKS,main_sync,Stiga Combi 340e KIT 48v 3-in-1 Hand-Propelled Cordless Lawnmower (Inc. Battery & Charger)
STIG-294426068/UKS,main_sync,Stiga Combi 344e KIT 48v 3-in-1 Hand-Propelled Cordless Lawnmower (Inc. Battery & Charger)
STIG-294513998/ST1,main_sync,Stiga Twinclip 950e V KIT 48v 4-in-1 Variable-Speed Cordless Lawnmower (Inc. Batteries & Charger)
STIG-294513998/UKS,miss_fixup,Stiga Twinclip 950e V 48v 4-in-1 Variable-Speed Cordless Lawnmower (Inc. Batteries & Charger)
STIG-294519198/ST1,main_sync,Stiga Twinclip 950e VR KIT 48v Variable-Speed Cordless Rear-Roller Lawnmower (Inc. 2 x Batteries & Charger)
STIG-294569048/ST1,main_sync,Stiga Twinclip 955 VR Variable-Speed Petrol Rear-Roller Lawnmower
STIG-298472048/ST2,main_sync,Stiga Multiclip 547 S Self-Propelled Petrol Mulching Lawnmower
STIG-2D6210021/ST2,main_sync,Stiga Park Combi 100 Q Plus QuickFlip Cutter Deck | 2D6210021/ST2
STIG-2D6311021/ST2,main_sync,Stiga Park Combi Pro 110 Q Plus QuickFlip Cutter Deck | 2D6311021/ST2
STIG-2D6312521/ST2,main_sync,Stiga Park Combi Pro 125 Q Plus QuickFlip Cutter Deck | 2D6312521/ST2
STIG-2F5820245/ST1,main_sync,Stiga Park 300 LC Front-Cut Ride-On Lawnmower (Inc. 85cm Manual-Lift Deck)
STIG-2F5820425/ST1,main_sync,Stiga Park 300 RC Front-Cut Ride-On Lawnmower (Inc. 95cm Electric-Lift Deck)
STIG-2F6120545/ST2,main_sync,Stiga Park 500 Front-Cut Ride-On Lawnmower (Excluding Deck)
STIG-2F6130645/ST2,main_sync,Stiga Park 500 WX 4WD V-Twin Front-Cut Ride-On Lawnmower (Excluding Deck)
STIG-2F6220745/ST2,main_sync,Stiga Park 700 W V-Twin Front-Cut Ride-On Lawnmower (Excluding Deck)
STIG-2F6230745/ST2,main_sync,Stiga Park 700 WX 4WD V-Twin Front-Cut Ride-On Lawnmower (Excluding Deck)
STIG-2F6430831/ST2,main_sync,Stiga Park Pro 900 WX 4WD V-Twin Front-Cut Ride-On Lawnmower (Excluding Deck)
STIG-2F6430931/ST2,main_sync,Stiga Park Pro 900 AWX 4WD V-Twin Front-Cut Ride-On Lawnmower (Excluding Deck)
STIG-2F7064705/ST1,miss_fixup,Stiga Gyro 900e ‘Drive-by-Wire’ Electric Battery-Powered Axial Ride-On Lawnmower
STIG-2L0486848/ST2,main_sync,Stiga Combi 748 S 4-in-1 Self-Propelled Petrol Lawnmower
STIG-2L0487838/ST2,main_sync,Stiga Combi 748 V 4-in-1 Variable-Speed Petrol Lawnmower (with Honda Engine)
STIG-2L0487978/ST1,main_sync,Stiga Combi 748e V KIT 48v 4-in-1 Variable-Speed Cordless Lawnmower (Inc. Batteries & Charger)
STIG-2L0536548/ST2,main_sync,Stiga Combi 753 SE 4-in-1 Self-Propelled Petrol Lawnmower with Electric Start
STIG-2L0536848/ST2,main_sync,Stiga Combi 753 S 4-in-1 Self-Propelled Petrol Lawnmower
STIG-2L0537838/ST2,main_sync,Stiga Combi 753 V 4-in-1 Variable-Speed Petrol Lawnmower (with Honda Engine)
STIG-2L0537978/UKS,main_sync,Stiga Combi 753e V KIT 48v 4-in-1 Variable-Speed Cordless Lawnmower (Inc. 2 x Batteries & Charger)
STIG-2T0070481/ST2,main_sync,Stiga Combi 166 Compact Rear-Collect & Side-Discharge Ride-On Mower with Hydrostatic Drive
STIG-2T0210481/ST2,main_sync,Stiga Combi 372 Compact Rear-Collect Ride-On Mower with Hydrostatic Drive
STIG-2T0610481/ST1,main_sync,Stiga Tornado 398 Side-Discharge Lawn Tractor with Hydrostatic Drive
STIG-2T1215481/ST1,main_sync,Stiga Tornado 5108 Side-Discharge Garden Tractor with Hydrostatic Drive
STIG-2T1220481/ST2,main_sync,Stiga Tornado 5108 W Side-Discharge V-Twin Garden Tractor with Hydrostatic Drive
STIG-2T1835481/ST1,main_sync,Stiga Tornado 7108 W Side-Discharge V-Twin Garden Tractor with Hydrostatic Drive
STIG-2T2100481/ST1,main_sync,Stiga Estate 384 Rear-Collect Lawn Tractor with Hydrostatic Drive
STIG-2T2200481/ST1,main_sync,Stiga Estate 384e Battery-Powered Rear-Collect Lawn Tractor with Stepless Electronic Drive
STIG-2T2205481/ST2,main_sync,Stiga Estate 584e Battery-Powered Rear-Collect Lawn Tractor with Stepless Electronic Drive
STIG-2T2620481/ST2,main_sync,Stiga Estate 598 Rear-Collect Lawn Tractor with Hydrostatic Drive
STIG-2T2800481/ST2,main_sync,Stiga Estate 798e Battery-Powered Rear-Collect Lawn Tractor with Stepless Electronic Drive
STIG-BRUSH-COLLECTOR,main_sync,Stiga Silex Brush & Collector Attachment | 290950040/10
STIG-COLLECTOR-SWS-800G,main_sync,Stiga Collection Box for SWS 800 G Self-Propelled Sweeper | 290802020/16
STIG-EXT-SHAFT-226,main_sync,Stiga Extension Pole for Split-Shaft Brushcutters | 232511610/16
STIG-HPS235R,main_sync,Stiga HPS 235 R Electric Pressure-Washer
STIG-HPS345R,main_sync,Stiga HPS 345 R Electric Pressure-Washer
STIG-HPS550R,main_sync,Stiga HPS 550 R Electric Pressure-Washer
STIG-HPS650RG,main_sync,Stiga HPS 650 RG Electric Pressure-Washer
STIG-HT-ATTACH-226,miss_fixup,Stiga Hedgetrimmer Attachment for Split-Shaft Brushcutters | 232511710/15
STIG-PARK-95-COMBI-EL,main_sync,Stiga Park Combi 95 Q Plus QuickFlip Cutter Deck | 2D6209521/ST2
STIG-PRUN-ATTACH-226,miss_fixup,Stiga Tree-Pruner Attachment for Split-Shaft Brushcutters | 232511810/15
STIG-SILEX-BRUSH,miss_fixup,Stiga Silex Brush Attachment | 290950070/10
STIG-SILEX-ROTOV,main_sync,Stiga Silex Rear-Mounted Rotovator Attachment | 290950020/10
STIG-SILEX-SNOW-BLADE,main_sync,Stiga Silex Snow-Blade Attachment | 290950050/10
STIG-SRC-36V,main_sync,Stiga SRC 36 V Petrol Front-Tine Tiller
STIG-SWS-800G,main_sync,Stiga SWS 800 G Self-Propelled Sweeper
STIGA-398M,main_sync,Stiga Tornado 398M Side-Discharge Lawn Tractor
STIGA-7108E,main_sync,Stiga Tornado 7108e Battery-Powered Side-Discharge Garden Tractor with Stepless Electronic Drive
