suspected_match_miss,stiga_supplier_code,stiga_supplier_desc,brand,shopify_sku,shopify_title,vendor,current_price,current_compare_at_price,product_handle
yes,2T0210483/M22,1328H,Mountfield,MF-2T0210483/M22,Mountfield 1328H Compact Rear-Collect Ride-On Mower with Hydrostatic Drive,Mountfield,2199.00,2399.00,mountfield-1328h-compact-rear-collect-ride-on-mower-with-hydrostatic-drive
yes,2T2120483/M25,1530H,Mountfield,MF-2T2120483/M25,Mountfield 1530H Rear-Collect Lawn Tractor with Hydrostatic Drive,Mountfield,2499.00,2699.00,mountfield-1530h-rear-collect-lawn-tractor-with-hydrostatic-drive
yes,2T2620483/M25,1538H,Mountfield,MF-2T2620483/M25,Mountfield 1538H Rear-Collect Lawn Tractor with Hydrostatic Drive,Mountfield,2799.00,3029.00,mountfield-1538h-rear-collect-lawn-tractor-with-hydrostatic-drive
yes,2T2630483/M22,1638H,Mountfield,MF-2T2630483/M22,Mountfield 1638H Rear-Collect V-Twin Garden Tractor with Hydrostatic Drive,Mountfield,2999.00,3249.00,mountfield-1638h-rear-collect-v-twin-garden-tractor-with-hydrostatic-drive
yes,2T0830483/M25,1738H,Mountfield,MF-2T0830483/M25,Mountfield 1738H Rear-Collect V-Twin Garden Tractor with Hydrostatic Drive,Mountfield,3299.00,3599.00,mountfield-1738h-rear-collect-v-twin-garden-tractor-with-hydrostatic-drive
yes,2T0980483/M25,2240H,Mountfield,MF-2T0980483/M25,Mountfield 2240H Rear-Collect V-Twin Garden Tractor with Hydrostatic Drive,Mountfield,3799.00,4099.00,mountfield-2240h-rear-collect-v-twin-garden-tractor-with-hydrostatic-drive
yes,274014004/ST1,E 440,Mountfield,MF-274014004/ST1,Mountfield B440 48v/4Ah Freedom 500 Lithium-Ion Battery,Mountfield,159.00,179.00,mountfield-b440-48v-4ah-freedom-500-lithium-ion-battery
yes,271021100/21,C 215 DU,Mountfield,MF-271021100/21,Mountfield C 215 DU 20v Freedom 100 Dual Standard Charger,Mountfield,45.00,,mountfield-c-215-du-20v-freedom-100-dual-standard-battery-charger
yes,271504203/MUK,MAB 20 Li Kit,Mountfield,MF-271504203/MUK,Mountfield MAB 20 Li Cordless Leaf-Blower,Mountfield,99.00,99.00,mountfield-mab-20-li-cordless-leaf-blower
yes,287120153/M16,MMT 2605 (5 in 1),Mountfield,MF-287120153/M16,Mountfield MMT 2605 5-in-1 Petrol Multi-Tool,Mountfield,359.00,,mountfield-mmt-2605-5-in-1-petrol-multi-tool
yes,2T0210483/M22,1328H,Mountfield,MF-2T0210483/M22-1,Mountfield MTF 72 H Compact Rear-Collect Ride-On Mower with Hydrostatic Drive,Mountfield,2399.00,2539.00,mountfield-mtf-72-h-352cc-72cm-compact-rear-collect-ride-on-mower-with-hydrostatic-drive
yes,2L0486038/M19,SP46 Elite,Mountfield,2L0486038/M19,Mountfield SP46 Elite 3-in-1 Self-Propelled Petrol Lawnmower (with Honda Engine),Mountfield,439.00,,mountfield-sp46-elite-145cc-46cm-3-in-1-self-propelled-petrol-lawnmower-with-honda-engine
yes,2L0536048/M21,SP53,Mountfield,2L0536048/M21,Mountfield SP53 Self-Propelled 3-in-1 Petrol Lawnmower,Mountfield,369.00,399.00,mountfield-sp53-elite-self-propelled-3-in-1-petrol-lawnmower-1
yes,2T2630483/M22,1638H,Mountfield,MF-2T2630483/M22,SHOP SOILED Mountfield 1638H Rear-Collect V-Twin Garden Tractor with Hydrostatic Drive - INCLUDING FREE PETROL BLOWER VAC WORTH £119.95!!,Mountfield,2899.00,3249.00,shop-soiled-mountfield-1638h-rear-collect-v-twin-garden-tractor-with-hydrostatic-drive
yes,271021100/21,C 215 DU,Stiga,STIG-271021100/21,Stiga C 215 DU 20v ePower Twin-Port Battery Charger | 271021100/21,Stiga,45.00,45.00,stiga-c-215-du-20v-epower-twin-port-battery-charger-271021100-21
yes,271021000/21,C 215,Stiga,STIG-271021000/21,Stiga C 215 SU 20v ePower Single-Port Battery Charger | 271021000/21,Stiga,35.00,35.00,stiga-c-215-su-20v-epower-single-port-battery-charger-271021000-21
yes,271012008/ST1,E 22,Stiga,STIG-271012008/ST1,Stiga E22 20v/2Ah ePower Lithium-Ion Battery | 271012008/ST1,Stiga,46.00,43.00,stiga-e22-20v-2ah-epower-lithium-ion-battery-271012008-st1
yes,271014008/ST1,E 24,Stiga,STIG-271014008/ST1,Stiga E24 20v/4Ah ePower Lithium-Ion Battery | 271014008/ST1,Stiga,72.00,65.00,stiga-e24-20v-4ah-epower-lithium-ion-battery-271014008-st1
yes,274012004/ST1,E 420,Stiga,STIG-274012004/ST1,Stiga E420 48v/2Ah ePower Lithium-Ion Battery | 274012004/ST1,Stiga,119.00,,stiga-e420-48v-2ah-lithium-ion-battery
yes,274014004/ST1,E 440,Stiga,274014004/ST1,Stiga E440 48v/4Ah ePower Lithium-Ion Battery 274014004/ST1,Stiga,149.00,,stiga-b440-48v-4ah-epower-lithium-ion-battery
yes,2F7064705/ST1,Gyro 900e,Stiga,STIG-2F7064705/ST1,Stiga Gyro 900e ‘Drive-by-Wire’ Electric Battery-Powered Axial Ride-On Lawnmower,Stiga,9699.00,11229.00,stiga-gyro-900e-125cm-drive-by-wire-electric-battery-powered-axial-ride-on-lawnmower-with-zero-turn-and-joystick-control-2
yes,232511710/15,HEDGE TRIMMER ATTACHMENT,Stiga,STIG-HT-ATTACH-226,Stiga Hedgetrimmer Attachment for Split-Shaft Brushcutters | 232511710/15,Stiga,89.00,89.00,stiga-hedgetrimmer-attachment-for-split-shaft-brushcutters-232511710-15
yes,240271012/ST2,"PR 730 C (10"")",Stiga,STIG-240271012/ST2,"Stiga PR 730 C Top-Handle Petrol Arborist’s Chainsaw with 1/4"" Chain (25cm Guide Bar)",Stiga,239.00,,stiga-pr-730-c-27cc-1hp-top-handle-petrol-arborists-chainsaw-with-25cm-guide-bar
yes,240271002/ST2,"PR 730 (10"")",Stiga,STIG-240271002/ST2,"Stiga PR 730 Top-Handle Petrol Arborist’s Chainsaw with 3/8"" Chain (25cm Guide Bar)",Stiga,239.00,229.00,stiga-pr-730-27cc-1hp-top-handle-petrol-arborists-chainsaw-with-25cm-guide-bar
yes,255127002/ST1,BL 530 V,Stiga,STIG-255127002/ST1-1,Stiga SBL 327 V Petrol Blower-Vac,Stiga,316.95,,stiga-sbl-327-v-28cc-handheld-petrol-blower-vacuum
yes,252422008/ST2,HT 725,Stiga,STIG-252422008/ST2,Stiga SHT 670 Professional Petrol Hedgetrimmer (60cm Blades),Stiga,279.00,279.00,stiga-sht-670-23cc-professional-petrol-hedgetrimmer-with-60cm-blades
yes,290950070/10,Front brush,Stiga,STIG-SILEX-BRUSH,Stiga Silex Brush Attachment | 290950070/10,Stiga,829.00,,stiga-silex-brush-attachment-for-silex-two-wheel-tractor
yes,232511810/15,PRUNER SAW ATTACHMENT,Stiga,STIG-PRUN-ATTACH-226,Stiga Tree-Pruner Attachment for Split-Shaft Brushcutters | 232511810/15,Stiga,79.00,79.00,stiga-tree-pruner-attachment-for-stiga-split-shaft-brushcutters-232511810-15
yes,294513998/UKS,Twinclip 950e V Kit,Stiga,STIG-294513998/UKS,Stiga Twinclip 950e V 48v 4-in-1 Variable-Speed Cordless Lawnmower (Inc. Batteries & Charger),Stiga,1329.00,,stiga-twinclip-950e-v-48v-48cm-4-in-1-variable-speed-cordless-lawnmower-including-batteries-and-charger
no,,,Atco,AT-2L0432147/MC,Atco Classic 16S 3-in-1 Self-Propelled Petrol Lawnmower,Atco,309.00,,atco-classic-16s-123cc-41cm-3-in-1-self-propelled-petrol-lawnmower
no,,,Atco,AT-2L0486047/MC,Atco Classic 18S 3-in-1 Self-Propelled Petrol Lawnmower,Atco,339.00,,atco-classic-18s-139cc-46cm-3-in-1-self-propelled-petrol-lawnmower
no,,,Atco,AT-2L0536047/MC,Atco Classic 20S 3-in-1 Self-Propelled Petrol Lawnmower,Atco,399.00,,atco-classic-20s-166cc-51cm-3-in-1-self-propelled-petrol-lawnmower
no,,,Atco,R-RTN58,Atco GTL48HR Twin 4WD Ride On Lawn Tractor,Stihl,75.00,89.00,stihl-fse-31-electric-grass-trimmer-rtn518
no,,,Atco,AT-2T0785447/AT1,Atco GTX 36H Rear-Collect V-Twin Garden Tractor with Hydrostatic Drive,Atco,3299.00,3829.00,atco-gtx-36h-586cc-92cm-rear-collect-v-twin-garden-tractor-with-hydrostatic-drive
no,,,Mountfield,2T0980473/C22,Castel Garden PTX 210 HD Rear-Collect V-Twin Garden Tractor with Hydrostatic Drive,Mountfield,3499.00,4699.00,castel-garden-ptx-210-hd-rear-collect-v-twin-garden-tractor-with-hydrostatic-drive
no,,,Mountfield,MF-827M,Mountfield 827M Compact Rear-Collect & Side-Discharge Ride-On Mower with Manual Drive,Mountfield,1399.95,1729.00,mountfield-827m-compact-rear-collect-side-discharge-ride-on-mower-with-manual-drive
no,,,Mountfield,MF-271012000/21,Mountfield B22 20v/2Ah Freedom 100 Battery,Mountfield,48.00,,mountfield-b22-20v-2ah-freedom-100-lithium-ion-battery
no,,,Mountfield,MF-271014000/21,Mountfield B24 20v/4Ah Freedom 100 Battery,Mountfield,73.00,,mountfield-b24-20v-4ah-freedom-100-lithium-ion-battery
no,,,Mountfield,MF-278012000/21,Mountfield B420 48v/2Ah Freedom 500 Lithium-Ion Battery,Mountfield,109.00,127.00,mountfield-b420-48v-2ah-freedom-500-lithium-ion-battery
no,,,Mountfield,MF-274015004/ST1,Mountfield B450 48v/5Ah Freedom 500 Lithium-Ion Battery,Mountfield,179.00,200.00,mountfield-b450-48v-5ah-freedom-500-lithium-ion-battery
no,,,Mountfield,MF-278021000/21,Mountfield C 415 SU Freedom 500 Standard Charger,Mountfield,45.00,49.00,mountfield-c-415-su-freedom-500-standard-charger
no,,,Mountfield,MF-2L0432803/M21,Mountfield Empress 41 Li 48v 4-in-1 Self-Propelled Cordless Lawnmower (Machine Only),Mountfield,475.00,,mountfield-empress-41-li-48v-41cm-4-in-1-self-propelled-cordless-battery-powered-lawnmower-machine-only
no,,,Mountfield,MF-2L0536803/M22,Mountfield Empress 51 Li 4-in-1 Self-Propelled Cordless Lawnmower (Inc. 2 x Batteries & Charger),Mountfield,957.95,,mountfield-empress-51-li-48v-51cm-4-in-1-self-propelled-cordless-battery-powered-lawnmower
no,,,Mountfield,MF-2T2200483/M22,Mountfield Freedom 30e Battery-Powered Rear-Collect Lawn Tractor with Stepless Electronic Drive,Mountfield,4420.00,,mountfield-freedom-30e-battery-powered-rear-collect-lawn-tractor-with-stepless-electronic-drive
no,,,Mountfield,MF-HP185,Mountfield HP185 Petrol Lawnmower,Mountfield,372.95,,mountfield-hp185-139cc-46cm-hand-propelled-petrol-lawnmower
no,,,Mountfield,MF-HP41,Mountfield HP41 Hand-Propelled Petrol Lawnmower,Mountfield,189.00,249.00,mountfield-hp41-123cc-39cm-hand-propelled-petrol-lawnmower
no,,,Mountfield,MF-HP42,Mountfield HP42 Hand-Propelled Petrol Lawnmower,Mountfield,229.00,259.00,mountfield-hp42-123cc-41cm-hand-propelled-petrol-lawnmower
no,,,Mountfield,MF-HW531-PD,Mountfield HW531-PD 4-in-1 Self-Propelled Lawnmower,Mountfield,469.00,539.00,mountfield-hw531-pd-196cc-53cm-4-in-1-self-propelled-petrol-lawnmower
no,,,Mountfield,MF-278200003/M21,Mountfield MBC 50 Li 48v Cordless Brushcutter (Tool Only),Mountfield,299.00,,mountfield-mbc-50-li-48v-cordless-battery-powered-brushcutter-tool-only
no,,,Mountfield,MF-278500003/M21,Mountfield MBL 50 Li Cordless Leaf-Blower (Tool Only),Mountfield,179.95,,mountfield-mbl-50-li-cordless-leaf-blower-tool-only
no,,,Mountfield,MF-278410003/M21,Mountfield MCS 50 Li Cordless Chainsaw (Tool Only),Mountfield,0.00,,mountfield-mbl-50-li-cordless-chainsaw-tool-only
no,,,Mountfield,MF-MHT2322,Mountfield MHT 2322 Petrol Hedgetrimmer,Mountfield,169.00,189.00,mountfield-mht-2322-25cc-petrol-hedgetrimmer-with-60cm-blades
no,,,Mountfield,MF-278300003/M21,Mountfield MHT 50 Li 48v Cordless Hedgetrimmer (Tool Only),Mountfield,139.00,157.00,mountfield-mht-50-li-48v-cordless-hedgetrimmer-tool-only
no,,,Mountfield,MF-278710033/M21,Mountfield MPH 50 Li 48v Cordless Long-Reach Hedgetrimmer (Tool Only),Mountfield,229.00,,mountfield-mph-50-li-48v-cordless-battery-powered-long-reach-hedgetrimmer-tool-only
no,,,Mountfield,MF-278710043/M21,Mountfield MPP 50 Li 48v Cordless Pole-Pruner (Tool Only),Mountfield,149.00,,mountfield-mpp-50-li-48v-cordless-battery-powered-pole-pruner-tool-only
no,,,Mountfield,MF-2T1210403/CAS,Mountfield MTF 108H SD Side-Discharge Lawn Tractor with Hydrostatic Drive,Mountfield,2399.00,2789.00,mountfield-mtf-108h-sd-452cc-108cm-side-discharge-lawn-tractor-with-hydrostatic-drive
no,,,Mountfield,827M-RET,Mountfield MTF 66 MQ Compact Rear-Collect Ride-On Mower with Manual Drive (Ex-Display),Mountfield,1349.95,1839.00,mountfield-mtf-66-mq-compact-rear-collect-ride-on-mower-with-manual-drive
no,,,Mountfield,MF-2T2105403/CAS,Mountfield MTF 84 H Rear-Collect Lawn Tractor with Hydrostatic Drive,Mountfield,2399.00,,mountfield-mtf-84-h-414cc-84cm-single-cylinder-rear-collect-lawn-tractor-with-hydrostatic-drive
no,,,Mountfield,2T0785483/M22,Mountfield MTF 92 H Rear-Collect V-Twin Garden Tractor with Hydrostatic Drive,Mountfield,2899.00,3829.00,mountfield-mtf-92-h-586cc-92cm-rear-collect-twin-cylinder-garden-tractor-with-hydrostatic-drive
no,,,Mountfield,MF-2T2620403/CAS,Mountfield MTF 98H Rear-Collect Lawn Tractor with Hydrostatic Drive,Mountfield,2799.00,3199.00,mountfield-mtf-98h-452cc-98cm-single-cylinder-rear-collect-lawn-tractor-with-hydrostatic-drive
no,,,Mountfield,C-2T0610483/M22,Mountfield MTF 98H-SD Side-Discharge Lawn Tractor with Hydrostatic Drive,Mountfield,2199.00,2399.00,mountfield-mtf-98h-sd-side-discharge-lawn-tractor-with-hydrostatic-drive
no,,,Mountfield,MF-2T0515403/CAS,Mountfield MTF 98M SD Side-Discharge Lawn Tractor with Manual Drive,Mountfield,1799.00,2089.00,mountfield-mtf-98m-sd-352cc-98cm-single-cylinder-side-discharge-lawn-tractor-with-manual-drive
no,,,Mountfield,C-MTF66-MQ,Mountfield MTF66M Compact Rear-Collect & Side-Discharge Ride-On Mower with Gear Drive,Mountfield,1499.00,1729.00,mountfield-mtf66-mq-compact-rear-collect-side-discharge-ride-on-mower-with-manual-drive
no,,,Mountfield,MF-827M-XDISP,Mountfield MTF66MQ Compact Rear-Collect & Side-Discharge Ride-On Mower with Manual Drive Ex Demo model,Mountfield,1399.00,1729.00,mountfield-827m-compact-rear-collect-side-discharge-ride-on-mower-with-manual-drive-ex-demo-model
no,,,Mountfield,MF-MTR50Li,Mountfield MTR 50 Li 48v 2-in-1 Cordless Grass-Trimmer & Lawn Edger (Tool Only),Mountfield,129.00,157.00,mountfield-mtr-50-li-48v-2-in-1-cordless-battery-powered-grass-trimmer-and-lawn-edger-tool-only
no,,,Mountfield,MF-294426063/M21,Mountfield Princess 42 Li 48v Cordless 4-Wheel Rear-Roller Lawnmower (Inc. Battery & Charger),Mountfield,661.95,,mountfield-princess-42-li-48v-42cm-cordless-battery-powered-4-wheel-rear-roller-lawnmower
no,,,Mountfield,MF-S421R-HP,Mountfield S421R-HP Hand-Propelled Petrol Rear-Roller Lawnmower,Mountfield,399.00,,mountfield-s421r-hp-123cc-41cm-hand-propelled-petrol-rear-roller-lawnmower
no,,,Mountfield,MF-S421R-PD,Mountfield S421R-PD Self-Propelled Petrol Rear-Roller Lawnmower,Mountfield,399.00,419.00,mountfield-s421r-pd-139cc-41cm-self-propelled-petrol-rear-roller-lawnmower
no,,,Mountfield,MF-S46-PD-LI,Mountfield S46-PD LI 4-in-1 Power-Driven Cordless Lawnmower,Mountfield,874.95,,mountfield-s46-pd-li-cordless-lawnmower
no,,,Mountfield,MF-S461R-PD,Mountfield S461R-PD Self-Propelled Petrol Rear-Roller Lawnmower,Mountfield,479.00,449.00,mountfield-s461r-pd-166cc-46cm-self-propelled-petrol-rear-roller-lawnmower
no,,,Mountfield,MF-278031008/ST1,Mountfield SFC 530 AE Freedom 500 Quick Charger,Mountfield,99.00,,mountfield-sfc-530-ae-freedom-500-quick-charger
no,,,Mountfield,MF-327107506/0,Mountfield Side-Discharge Chute - for MTF 66 MQ | 327107506/0,Mountfield,26.95,,mountfield-side-discharge-chute-for-mtf-66-mq-ride-on-mower
no,,,Mountfield,MF-SP160R,Mountfield SP160R Self-Propelled Petrol Rear-Roller Lawnmower,Mountfield,349.00,449.00,mountfield-sp160r-123cc-41cm-self-propelled-petrol-rear-roller-lawnmower
no,,,Mountfield,MF-SP185,Mountfield SP185 3-in-1 Self-Propelled Petrol Lawnmower,Mountfield,349.95,399.00,mountfield-sp185-139cc-46cm-3-in-1-self-propelled-petrol-lawnmower
no,,,Mountfield,R-RTN567,Mountfield SP41 - Self-Propelled Petrol Lawn Mower,Mountfield,227.00,239.00,mountfield-sp41-self-propelled-petrol-lawn-mower-rtn567
no,,,Mountfield,MF-SP41,Mountfield SP41 Self-Propelled Petrol Lawnmower,Mountfield,219.95,269.00,mountfield-sp41-123cc-49cm-self-propelled-petrol-lawnmower
no,,,Mountfield,MF-SP42,Mountfield SP42 Self-Propelled Petrol Lawnmower,Mountfield,309.00,,mountfield-sp42-123cc-41cm-self-propelled-petrol-lawnmower
no,,,Mountfield,MF-SP46,Mountfield SP46 Self-Propelled Petrol Lawnmower,Mountfield,299.00,339.00,mountfield-sp46-139cc-46cm-self-propelled-petrol-lawnmower
no,,,Mountfield,MF-SP505R-V,Mountfield SP505R-V Variable-Speed Petrol Rear-Roller Lawnmower (with Honda Engine),Mountfield,819.00,945.00,mountfield-sp505r-v-167cc-48cm-variable-speed-petrol-rear-roller-lawnmower-with-honda-engine
no,,,Mountfield,MF-2L0536133/MC,Mountfield SP51H 3-in-1 Self-Propelled Petrol Lawnmower (with Honda Engine),Mountfield,409.00,459.00,mountfield-sp51h-145cc-51cm-3-in-1-self-propelled-petrol-lawnmower-with-honda-engine
no,,,Mountfield,MF-SP53,Mountfield SP53 3-in-1 Self-Propelled Petrol Lawnmower,Mountfield,349.00,399.00,mountfield-sp53-166cc-51cm-3-in-1-self-propelled-petrol-lawnmower
no,,,Mountfield,MF-SP53H,Mountfield SP53 Elite 3-in-1 Self-Propelled Petrol Lawnmower (with Honda Engine),Mountfield,479.00,499.00,mountfield-sp53h-elite-167cc-51cm-3-in-1-self-propelled-petrol-lawnmower-with-honda-engine
no,,,Mountfield,MF-2L0536033/MC,Mountfield SP53H 3-in-1 Self-Propelled Petrol Lawnmower (with Honda Engine),Mountfield,499.00,,mountfield-sp53h-51cm-167cc-3-in-1-self-propelled-petrol-lawnmower-with-honda-engine
no,,,Mountfield,C-SP53H-E,Mountfield SP53H-E Elite 3-in-1 Self-Propelled Petrol Lawnmower (with Electric-Start Honda Engine),Mountfield,489.95,549.95,mountfield-sp53h-e-elite-3-in-1-self-propelled-petrol-lawnmower-with-electric-start-honda-engine
no,,,Mountfield,MF-SP555V,Mountfield SP555-V 3-in-1 Variable-Speed Petrol Lawnmower (with Honda Engine),Mountfield,649.00,729.00,mountfield-sp555v-166cc-53cm-3-in-1-variable-speed-petrol-lawnmower-with-honda-engine
no,,,Mountfield,MF-SP555RV,Mountfield SP555R-V Variable-Speed Petrol Rear-Roller Lawnmower (with Honda Engine),Mountfield,939.00,1085.00,mountfield-sp555rv-201cc-53cm-variable-speed-petrol-rear-roller-lawnmower-with-honda-engine
no,,,Mountfield,a2488cdc-c2d3-4860-b7bf-9ceba5e90fe3,Mountfield T30M Gear Drive 2-in-1 Lawn Tractor with Free Trailer,Fast Bundle,1999.00,2198.00,bundle-product-1
no,,,Mountfield,1330M-XDISP,Mountfield T30M Rear-Collect Lawn Tractor with Manual Drive - Ex Demo,Mountfield,1799.00,2159.00,mountfield-t30m-rear-collect-lawn-tractor-with-manual-drive-ex-demo
no,,,Mountfield,1330M-XDISP,Mountfield T30M Rear-Collect Lawn Tractor with Manual Drive - Ex Demo,Mountfield,1799.00,2159.00,mountfield-t30m-1330-rear-collect-lawn-tractor-with-manual-drive-ex-demo-copy
no,,,Mountfield,MF-TOW-BAR-84CM-299900395-0,Mountfield Tow Bar - for 84cm & 98cm Rear-Collect Tractors | 299900395/0,Mountfield,80.00,,mountfield-tow-bar-84cm-98cm-cut-tractors-299900395-0
no,,,Mountfield,MF-182180091/0,Mountfield/Stiga Battery Charger for Ride-Ons & Tractor Mowers |  1134-9250-01,Mountfield,79.95,,mountfield-stiga-battery-charger-for-ride-ons-and-tractor-mowers-182180091-0
no,,,Mountfield,MF-BUMPER-299900361-0,Mountfield/Stiga Front Bumper - for 98cm & 108cm Tractor Mowers | 299900361/0,Mountfield,90.95,,mountfield-stiga-front-bumper-for-98cm-and-108cm-tractor-mowers-299900361-0
no,,,Mountfield,MF-299900370/1,Mountfield/Stiga Mulching Kit with Blades - for 84cm Rear-Collect Tractors | 299900370/1,Mountfield,125.00,,mountfield-stiga-mulching-kit-with-blades-for-84cm-rear-collect-tractors-299900370-1
no,,,Mountfield,MF-Mulch-Plug-299900374/0,Mountfield/Stiga Mulching Kit with Blades - for 98cm Rear-Collect Tractors | 299900374/0,Mountfield,125.00,,mountfield-stiga-mulching-kit-with-blades-299900374-0
no,,,Mountfield,MF-MULCH-PLUG-TC122,Mountfield/Stiga Mulching Plug - for 122cm Rear-Collect Tractors | 299900046/0,Mountfield,80.00,,mountfield-stiga-mulching-plug-for-122cm-rear-collect-tractors-299900046-0
no,,,Mountfield,MF-299900135/22,Mountfield/Stiga Mulching Plug - for 66cm Ride-On Mowers | 299900135/0,Mountfield,80.00,,mountfield-stiga-mulching-plug-for-66cm-ride-on-mowers-299900135-0
no,,,Mountfield,MF-299900036/0,Mountfield/Stiga Mulching Plug - for 72cm Ride-On Mowers | 299900036/0,Mountfield,80.00,,mountfield-stiga-mulching-plug-for-72cm-ride-on-mowers-299900036-0
no,,,Mountfield,MF-2I0205000/19,Mountfield/Stiga Mulching Plug - for 84cm Rear-Collect Tractors | 2I0205000/19,Mountfield,80.00,,mountfield-stiga-mulching-plug-for-84cm-rear-collect-tractors-2i0205000-19
no,,,Mountfield,MF-299900038/1,Mountfield/Stiga Mulching Plug - for 92cm Rear-Collect Tractors | 299900038/1,Mountfield,80.00,,mountfield-stiga-mulching-plug-for-92cm-rear-collect-tractors
no,,,Mountfield,MF-MULCH-PLUG-NJ102-TRACTORS,Mountfield/Stiga Mulching Plug – for 102cm Rear-Collect Tractors | 299900045/0,Mountfield,117.00,,mountfield-stiga-mulching-plug-for-102cm-rear-collect-tractors-299900045-0
no,,,Mountfield,MF-299900055/0,Mountfield/Stiga Mulching Plug – for 102cm Rear-Collect Tractors | 299900055/0,Mountfield,80.00,,mountfield-stiga-mulching-plug-for-102cm-rear-collect-tractors-299900055-0
no,,,Mountfield,MF-299900346/0,Mountfield/Stiga Mulching Plug – for 108cm Side-Discharge Tractors | 299900346/0,Mountfield,60.00,,mountfield-stiga-mulching-plug-for-108cm-side-discharge-tractors-299900346-0
no,,,Mountfield,MF-299900341/0,Mountfield/Stiga Mulching Plug – for 98cm Side-Discharge Tractors | 299900341/0,Mountfield,60.00,,mountfield-stiga-mulching-plug-for-98cm-side-discharge-tractors-299900341-0
no,,,Mountfield,MF-DEFLECTOR-TC102-122,Mountfield/Stiga Rear Deflector - for 92cm/102cm/122cm Tractors | 299900016/0,Mountfield,140.00,,mountfield-stiga-deflector-for-92cm-102cm-122cm-cut-tractors-299900016-0
no,,,Mountfield,MF-299900385/0,Mountfield/Stiga Tow Bar - for 98cm & 108cm Side-Discharge Tractors | 299900385/0,Mountfield,60.00,,mountfield-stiga-tow-bar-for-98cm-and-108cm-side-discharge-tractor-mowers-299900385-0
no,,,Mountfield,MF-299900006/0,Mountfield/Stiga Tow Bar – for 92cm/102cm/122cm Rear-Collect Tractors | 299900006/0,Mountfield,60.00,,mountfield-stiga-tow-bar-for-92cm-102cm-122cm-garden-tractors-299900006-0
no,,,Mountfield,MF-TOW-BAR-92,Mountfield/Stiga Tow-Bar - for 92cm Rear-Collect Tractors | 299900081/0,Mountfield,113.95,,mountfield-stiga-tow-bar-for-92cm-tractors-299900081-0
no,,,Mountfield,MF-2T2005403/CAS,SLIGHTLY USED - Mountfield MTF 84 M Rear-Collect Lawn Tractor with Manual Drive,Mountfield,1899.95,2299.00,mountfield-mtf-84-m-352cc-84cm-single-cylinder-rear-collect-lawn-tractor-with-manual-drive
no,,,Stiga,MF-STRIPINGKIT,Mountfield/Stiga Lawn-Striping Kit for 4WD Rear-Collect Tractors | 2I2120000/18,Stiga,302.00,,mountfield-stiga-lawn-striping-kit-for-4wd-rear-collect-tractors
no,,,Stiga,STIG-299900073/0,Mountfield/Stiga Mulching-Kit with Blades - for 102cm Tractors | 299900073/0,Stiga,125.00,,mountfield-stiga-mulching-kit-for-102cm-tractors-299900073-0
no,,,Stiga,STIG-2I0300000/17,Mountfield/Stiga Mulching-Kit with Blades - for 121cm Side-Discharge Tractors | 2I0300000/17,Stiga,105.00,,stiga-mulching-kit-for-121cm-side-discharge-tractors-2i0300000-17
no,,,Stiga,STIG-DEFLECTOR-99900310-0,Mountfield/Stiga Rear Deflector - for 84cm & 98cm Tractors | 299900310/0,Stiga,140.00,,mountfield-stiga-deflector-for-84cm-and-98cm-tractors-299900310-0
no,,,Stiga,STIG-DEFLECTOR-99900051/0,Mountfield/Stiga Rear Deflector - for 92cm & 102cm Tractors | 299900051/0,Stiga,162.00,,mountfield-stiga-rear-deflector-for-92cm-and-102cm-tractors-299900051-0
no,,,Stiga,ACC-DEFL-84CM,Rear Deflector Flor 84cm Mountfield/Stiga Tractors,MowDirect,120.00,,rear-deflector-flor-84cm-mountfield-stiga-tractors
no,,,Stiga,STIG-13-3913-11,Stiga 100cm Rear Rake (Lift-Bracket Required) | 13-3913-11,Stiga,251.00,,stiga-100cm-rear-mounted-dethatching-and-gravel-combing-rake-lift-bracket-required-13-3913-11
no,,,Stiga,STIG-PARK-ROTARY-BRUSH,Stiga 100cm Rotary Brush Attachment c/w Dust Cover for Park Front-Cut Ride-On Mowers | 13-0977-11 c/w 13-1936-62,Stiga,2018.00,,stiga-park-100cm-rotary-brush-attachment-with-dust-cover-13-0977-11-with-13-1936-62
no,,,Stiga,STIG-13-0977-11,Stiga 100cm Rotary Brush Attachment for Park Front-Cut Ride-On Mowers | 13-0977-11,Stiga,201.00,,stiga-100cm-rotary-brush-attachment-for-park-front-cut-ride-on-mowers-13-0977-11
no,,,Stiga,STIG-13-3906-11,Stiga 100kg-Capacity Professional Galvanised-Steel Cart | 13-3906-11,Stiga,706.00,,stiga-100kg-capacity-professional-galvanised-steel-cart-for-park-front-cut-ride-on-mowers-and-mid-deck-tractor-mowers-13-3906-11
no,,,Stiga,STIG-13-3922-61,Stiga 107cm Snow-Blade Attachment for Park Front-Cut Ride-On Mowers | 13-3922-61,Stiga,504.00,,stiga-107cm-snow-blade-attachment-for-park-front-cut-ride-on-mowers-13-3922-61
no,,,Stiga,STIG-2A6107010/S17,Stiga 107cm Towed Grass & Leaf Collector for Stiga Park Front-Cut Ride-On Mowers | 2A6107010/S17,Stiga,605.00,,stiga-107cm-towed-grass-and-leaf-collector-for-stiga-park-front-cut-ride-on-mowers-2a6107010-s17
no,,,Stiga,STIG-13-3926-11,Stiga 107cm Towed Leaf-Sweeper/Collector for Stiga Park Front-Cut Ride-On Mowers | 13-3926-11,Stiga,695.00,,stiga-107cm-towed-leaf-sweeper-collector-for-stiga-park-front-cut-ride-on-mowers-13-3926-11
no,,,Stiga,STIG-13-3917-61,Stiga 120cm Snow-Blade Attachment for Park Front-Cut Ride-On Mowers | 13-3917-61,Stiga,655.00,,stiga-120cm-snow-blade-attachment-for-park-front-cut-ride-on-mowers-13-3917-61
no,,,Stiga,STIG-13-3914-11,Stiga 130cm Rear Rake (Lift-Bracket Required) | 13-3914-11,Stiga,261.00,,stiga-130cm-rear-mounted-dethatching-and-gravel-combing-rake-lift-bracket-required-13-3914-11
no,,,Stiga,STIG-155H-TITAN-DOD,Stiga 155H Titan DOD Cutter-Deck (13-7825-24),Stiga,3883.95,,stiga-155h-titan-dod-cutter-deck-13-7825-24
no,,,Stiga,STIG-1911-9291-01,Stiga 15m Power Cable for Mains-Electric Scarifiers/Aerators | 1911-9291-01,Stiga,39.95,,stiga-15m-power-cable-for-mains-electric-scarifiers-aerators-1911-9291-01
no,,,Stiga,STIG-SNOW-CHAINS-16X6,"Stiga 16"" x 6"" Snow Chains for Park Front-Cut Ride-On Mowers | 13-0940-61",Stiga,231.00,,stiga-406mm-x-152mm-snow-chains-for-park-front-cut-ride-on-mowers-13-0940-61
no,,,Stiga,STIG-13-0936-61,"Stiga 16"" x 7.5"" Snow Chains for Park Front-Cut Ride-On Mowers | 13-0936-61",Stiga,231.00,,stiga-406mm-x-191mm-snow-chains-for-park-front-cut-ride-on-mowers-13-0936-61
no,,,Stiga,STIG-13-0937-61,"Stiga 17"" x 8"" Snow Chains for Park Pro Front-Cut Ride-On Mowers | 13-0937-61",Stiga,231.00,,stiga-430mm-x-203mm-snow-chains-for-park-pro-front-cut-ride-on-mowers-13-0937-61
no,,,Stiga,STIG-290409218/S15,Stiga 18-Litre Grass Collector for Rear-Deflect Manual Cylinder Mowers | 290409218/S15,Stiga,18.00,,stiga-18-litre-grass-collector-for-rear-deflect-manual-cylinder-mowers-290409218-s15
no,,,Stiga,STIG-13-0921-62,Stiga 2 x 13.5kg Axle Frame Weights for Select Park Front-Cut Ride-On Mowers | 13-0921-62,Stiga,241.00,,stiga-2-x-13-5kg-fame-weights-for-select-park-front-cut-ride-on-mowers-13-0921-62
no,,,Stiga,STIG-13-0939-61,Stiga 2 x 17kg Axle Frame Weights for Select Park Front-Cut Ride-On Mowers | 13-0939-61,Stiga,292.00,,stiga-2-x-17kg-axle-frame-weights-for-select-park-front-cut-ride-on-mowers-13-0939-61
no,,,Stiga,STIG-290409618/S15,Stiga 20-Litre Grass Collector for Front-Deflect Manual Cylinder-Mowers | 290409618/S15,Stiga,31.95,,stiga-20-litre-grass-collector-for-front-deflect-manual-cylinder-mowers-290409618-s15
no,,,Stiga,STIG-1911-9293-01,Stiga 24v Battery Charger | 1911-9293-01,Stiga,53.95,,stiga-24v-battery-charger
no,,,Stiga,STIG-13-0955-11,Stiga 38kg-Capacity Towed Broadcast Spreader | 13-0955-11,Stiga,251.00,,stiga-38kg-capacity-towed-broadcast-spreader-for-park-front-cut-ride-on-mowers-and-mid-deck-tractor-mowers-13-0955-11
no,,,Stiga,STIG-299900260/0,Stiga 56cm Towed Poly Ballast Roller | 299900260/0,Stiga,423.00,,stiga-56cm-towed-poly-ballast-roller-299900260-0
no,,,Stiga,STIG-1188048490,Stiga 6m Extension Mains-Cable | 118804849/0,Stiga,22.95,,stiga-6m-extension-mains-cable-uk-plug-118804849-0
no,,,Stiga,STIG-13-0952-11,Stiga 75kg-Capacity Poly Combi-Cart  | 13-0952-11,Stiga,403.00,,stiga-75kg-capacity-poly-combi-cart-for-stiga-park-front-cut-ride-on-mowers-and-mid-deck-tractor-mowers-13-0952-11
no,,,Stiga,STIG-80V-HARNESS,Stiga 80v Battery Harness,Stiga,99.00,,stiga-battery-harness
no,,,Stiga,STIG-13-3918-61,Stiga 85cm Rotary Brush Attachment for Park Front-Cut Ride-On Mowers | 13-3918-61,Stiga,1513.00,,stiga-front-mounted-sweeper-for-park-front-cut-ride-on-mowers-13-3918-61
no,,,Stiga,STIG-13-3910-11,Stiga 90cm Front-Mounted Sweeper (with Collector) for Park Front-Cut Ride-On Mowers | 13-3910-11,Stiga,3331.00,,stiga-front-mounted-sweeper-with-collector-for-stiga-park-front-cut-ride-on-mowers
no,,,Stiga,STIG-2I0800100/18,Stiga 90cm Tow-Behind Poly Ballast Roller | 2I0800100/18,Stiga,473.00,,stiga-tow-behind-poly-ballast-roller-for-ride-ons-and-garden-tractors-2i0800100-18
no,,,Stiga,STIG-298302068/UKS,Stiga Aero 132e KIT 20v Cordless Hover Mower (Inc. 2 x Batteries & Charger),Stiga,166.00,,stiga-aero-132e-kit-750w-30cm-cordless-battery-powered-hover-lawnmower-including-2-x-batteries-and-twin-port-charger
no,,,Stiga,278012000/21,Stiga B420 48v/2Ah ePower Lithium-Ion Battery | 278012000/21,Stiga,144.95,,stiga-b420-48v-2ah-epower-lithium-ion-battery
no,,,Stiga,STIG-277200008/ST2,Stiga BC 700e 48v Cordless Brushcutter with ‘Loop’ Handle (Tool Only),Stiga,249.00,,stiga-bc-700e-48v-cordless-battery-brushcutter-with-loop-handle-tool-only
no,,,Stiga,STIG-277210008/ST2,Stiga BC 700e B 48v Cordless Brushcutter with ‘Cowhorn’ Handle (Tool Only),Stiga,289.00,,stiga-bc-700e-b-48v-cordless-battery-brushcutter-with-cowhorn-handle-tool-only
no,,,Stiga,STIG-279210008/ST2,Stiga BC 900e B 48v Cordless Brushcutter with ‘Cowhorn’ Handle (Tool Only),Stiga,385.00,450.00,stiga-bc-900e-b-48v-cordless-battery-brushcutter-with-cowhorn-handle-tool-only
no,,,Stiga,STIG-BIOSILENT2500,Stiga Bio Silent SH2500 Low-Noise Electric Garden-Shredder,Stiga,249.00,289.00,stiga-bio-silent-sh2500-low-noise-electric-garden-shredder
no,,,Stiga,STIG-278500008/ST3,Stiga BL 500e 48v Cordless Leaf-Blower (Tool Only),Stiga,119.00,136.00,stiga-bl-500e-48v-cordless-leaf-blower-tool-only
no,,,Stiga,STIG-277500008/ST2,Stiga BL 700e 48v Cordless Leaf-Blower (Tool Only),Stiga,179.00,210.00,stiga-bl-700e-48v-cordless-battery-leaf-blower-tool-only
no,,,Stiga,STIG-279500008/ST2,Stiga BL 900e 48v Cordless Leaf-Blower (Tool Only),Stiga,285.00,346.00,stiga-bl-900e-48v-cordless-leaf-blower-tool-only
no,,,Stiga,STIG-278031200/22-1,Stiga C 415 DU 48v/1.5A ePower Dual Standard Charger | 278021200/21,Stiga,135.00,,stiga-c-415-du-48v-1-5a-epower-dual-standard-charger
no,,,Stiga,STIG-278031200/22,Stiga C 430 DFU 48v/3.0A ePower Dual Fast Charger | 278031200/22,Stiga,109.00,135.00,stiga-c-430-dfu-48v-3-0a-epower-dual-fast-charger
no,,,Stiga,STIG-278031000/21,Stiga C 430 FU 48v/3.0A ePower Single Fast Charger | 278031000/21,Stiga,45.00,50.00,stiga-c-430-fu-48v-3-0a-epower-single-fast-charger
no,,,Stiga,STIG-2L0432048/ST2,Stiga Collector 543 S Self-Propelled Petrol Lawnmower,Stiga,339.00,339.00,stiga-collector-543-s-123cc-41cm-self-propelled-petrol-lawnmower
no,,,Stiga,STIG-2L0482048/ST2,Stiga Collector 548 S Self-Propelled Petrol Lawnmower,Stiga,379.00,379.00,stiga-collector-548-s-123cc-46cm-self-propelled-petrol-lawnmower
no,,,Stiga,STIG-2L0486008/UKS,Stiga Collector 548e S KIT 48v Self-Propelled Cordless Lawnmower (Inc. 2 x Batteries & Charger),Stiga,729.00,729.00,stiga-collector-548e-s-kit-48v-1500w-48cm-self-propelled-cordless-lawnmower-including-2-x-batteries-and-charger
no,,,Stiga,STIG-294340068/ST1,Stiga Combi 336c 3-in-1 Hand-Propelled Electric Lawnmower,Stiga,208.00,208.00,stiga-combi-336c-1400w-34cm-3-in-1-hand-propelled-mains-electric-lawnmower
no,,,Stiga,Stiga Combi 336e Cordless Mower,Stiga Combi 336e 48v 3-in-1 Hand-Propelled Cordless Lawnmower (Machine Only),Stiga,149.95,,stiga-combi-336e-48v-34cm-3-in-1-hand-propelled-cordless-lawnmower-machine-only
no,,,Stiga,STIG-294380068/ST2,Stiga Combi 340 C 3-in-1 Hand-Propelled Electric Lawnmower,Stiga,239.00,,stiga-combi-340-c-1600w-38cm-3-in-1-hand-propelled-electric-lawnmower
no,,,Stiga,STIG-294557848/ST2,Stiga Combi 955 V 4-in-1 Variable-Speed Petrol Lawnmower,Stiga,685.00,,stiga-combi-955-v-196cc-53cm-4-in-1-variable-speed-petrol-lawnmower
no,,,Stiga,STIG-294557548/ST1,Stiga Combi 955 VE 4-in-1 Variable-Speed Petrol Lawnmower with Electric Start,Stiga,735.00,,stiga-combi-955-ve-196cc-53cm-4-in-1-variable-speed-petrol-lawnmower-with-electric-start
no,,,Stiga,STIG-240381602/ST1,Stiga CS 540 Petrol Chainsaw (40cm Guide Bar),Stiga,266.00,,stiga-cs-540-39cc-entry-level-petrol-chainsaw-with-40cm-guide-bar
no,,,Stiga,STIG-277430008/ST1,Stiga CS 700e 48v Cordless Chainsaw – 35cm Guide Bar (Tool Only),Stiga,279.00,,stiga-cs-700e-48v-cordless-battery-chainsaw-with-35cm-guide-bar-tool-only
no,,,Stiga,STIG-219000130/18,Stiga Double Side Plough for SRC 685 RG Front-Tine Tiller | 219000130/18,Stiga,49.00,,stiga-double-side-plough-for-src-685-rg-front-tine-tiller-219000130-18
no,,,Stiga,STIG-13-3916-61,Stiga Dust Cover for 85cm Front-Mounted Sweeper | 13-3916-61,Stiga,191.00,,stiga-dust-cover-for-85cm-front-mounted-sweeper-13-3916-61
no,,,Stiga,STIG-S300,Stiga e-Ride S300 Battery-Powered Side-Discharge Lawn Tractor with Stepless Electronic Drive,Stiga,4462.00,,stiga-e-ride-s300-battery-powered-side-discharge-lawn-tractor-with-stepless-electronic-drive
no,,,Stiga,STIG-277014008/ST1,Stiga E440 48v/4Ah ePower Lithium-Ion Battery | 277014008/ST1,Stiga,159.00,142.00,stiga-e440-48v-4ah-lithium-ion-battery
no,,,Stiga,STIG-274015004/ST1,Stiga E450 48v/5Ah ePower Lithium-Ion Battery | 274015004/ST1,Stiga,199.00,,stiga-b450-48v-5ah-epower-lithium-ion-battery-278015000-21
no,,,Stiga,STIG-277015008/ST1,Stiga E450 48v/5Ah ePower Lithium-Ion Battery | 277015008/ST1,Stiga,189.00,179.00,stiga-e450-48v-5ah-epower-lithium-ion-battery
no,,,Stiga,STIG-277017008/ST1,Stiga E475 48v/7.5Ah ePower Lithium-Ion Battery | 277017008/ST1,Stiga,269.00,,stiga-e475-48v-7-5ah-epower-lithium-ion-battery-277017008-st1
no,,,Stiga,STIG-13-3919-11,Stiga Electric Rear-Tool Lift Bracket | 13-3919-11,Stiga,1281.00,,stiga-electric-rear-tool-lift-bracket-13-3919-11
no,,,Stiga,2T1315481/ST1,Stiga Estate 7122 W Rear-Collect V-Twin Garden Tractor with Hydrostatic Drive,Stiga,4299.00,4999.00,stiga-estate-7122-w-rear-collect-v-twin-garden-tractor-with-hydrostatic-drive
no,,,Stiga,STIG-2T0780481/ST1,Stiga Estate 792 Rear-Collect Lawn Tractor with Hydrostatic Drive,Stiga,3299.00,3599.00,stiga-estate-792-lawn-tractor
no,,,Stiga,STIG-2T0785481/ST1,Stiga Estate 792 W Rear-Collect V-Twin Garden Tractor with Hydrostatic Drive,Stiga,3299.00,3829.00,stiga-estate-792-w-586cc-92cm-twin-cylinder-rear-collect-garden-tractor-with-hydrostatic-drive
no,,,Stiga,STIG-2T0940681/ST1,Stiga Estate 9102 W Rear-Collect V-Twin Garden Tractor with Hydrostatic Drive,Stiga,4399.00,5099.00,stiga-estate-9102-w-688cc-102cm-twin-cylinder-rear-collect-garden-tractor-with-hydrostatic-drive
no,,,Stiga,STIG-2T0985481/ST1,Stiga Estate 9102 WX 4WD Rear-Collect V-Twin Garden Tractor with Hydrostatic Drive,Stiga,6999.00,8199.00,stiga-estate-9102-wx-688cc-102cm-twin-cylinder-four-wheel-drive-rear-collect-garden-tractor-with-hydrostatic-transmission
no,,,Stiga,STIG-278131808/St1,Stiga Fast Charger | Fits E-Ride Models,Stiga,505.00,,stiga-fast-charger-fits-cordless-tractors
no,,,Stiga,STIG-13-3902-11,Stiga Flail-Mower Attachment (with Electric Height-Adjustment) for Park Front-Cut Ride-On Mowers | 13-3902-11,Stiga,2300.00,,stiga-flail-mower-attachment-for-park-front-cut-ride-on-mowers-electric-height-adjustment
no,,,Stiga,STIG-PARK-FLAIL-MOWER-AXLE,Stiga Flail-Mower Axle for Park Lawn-Rake Attachment | 13-1985-11,Stiga,499.00,,stiga-park-flail-mower-axle-13-1985-11
no,,,Stiga,STIG-PARK-PRO-2-STAGE-SNOW-BLOWER,Stiga Front-Mount 2-Stage Snow Blower for Park Pro Front-Cut Ride-On Mowers | 13-0922-12,Stiga,2321.00,,stiga-front-mount-2-stage-snow-blower-for-park-pro-front-cut-ride-on-mowers-13-0922-12
no,,,Stiga,STIG-PARK-SSSB-13-0974-11,Stiga Front-Mount Single-Stage Snow Blower for Park Ride-On Mowers | 13-0974-11,Stiga,2018.00,,stiga-front-mounted-single-stage-snow-blower-attachment-for-park-ride-on-mowers-13-0974-11
no,,,Stiga,STIG-278100008/ST3,Stiga GT 500e 48v Cordless Grass-Trimmer (Tool Only),Stiga,159.00,,stiga-gt-500e-48v-cordless-battery-grass-trimmer-tool-only
no,,,Stiga,STIG-2F7062505/ST1,Stiga Gyro 500e ‘Drive-by-Wire’ Electric Battery-Powered Axial Ride-On Lawnmower,Stiga,5999.00,7029.00,stiga-gyro-500e-98cm-drive-by-wire-electric-battery-powered-axial-ride-on-lawnmower-with-zero-turn-and-joystick-control
no,,,Stiga,STIG-2F7063605/ST1,Stiga Gyro 700e ‘Drive-by-Wire’ Electric Battery-Powered Axial Ride-On Lawnmower,Stiga,6999.00,8129.00,stiga-gyro-700e-108cm-drive-by-wire-electric-battery-powered-axial-ride-on-lawnmower-with-zero-turn-and-joystick-control
no,,,Stiga,STIG-219000120/18,Stiga Half Side Plough for SRC 685 RG Front-Tine Tiller | 219000120/18,Stiga,159.95,,stiga-half-side-plough-for-src-685-rg-front-tine-tiller-219000120-18
no,,,Stiga,STIG-278300008/ST3,Stiga HT 500e 48v Cordless Hedgetrimmer (Tool Only),Stiga,159.00,,stiga-ht-500e-48v-cordless-battery-hedgetrimmer-tool-only
no,,,Stiga,STIG-277300008/ST2,Stiga HT 700e 48v Cordless Hedgetrimmer (Tool Only),Stiga,215.00,251.00,stiga-ht-700e-48v-cordless-battery-hedgetrimmer-tool-only
no,,,Stiga,STIG-279350008/ST2,Stiga HT 900e 48v Cordless Hedgetrimmer (Tool Only),Stiga,329.00,405.00,stiga-ht-900e-48v-cordless-battery-hedgetrimmer-with-65cm-blades-tool-only
no,,,Stiga,STIG-219000140/18,Stiga Iron Wheels Kit for SRC 685 RG Front-Tine Tiller | 219000140/18,Stiga,99.00,,stiga-iron-wheels-kit-for-src-685-rg-front-tine-tiller-219000140-18
no,,,Stiga,STIG-13-3911-61,Stiga Lawn-Edger Attachment - for Park Front-Cut Ride-On Mowers | 13-3911-61,Stiga,403.00,,stiga-lawn-edger-attachment-for-park-front-cut-mowers-13-3911-61
no,,,Stiga,STIG-LAWN-RAKE,Stiga Lawn-Rake Attachment (with Electric Height-Adjustment) for Park Front-Cut Ride-On Mowers | 13-3901-11,Stiga,2300.00,,stiga-lawn-rake-attachment-with-electric-height-adjustment-for-park-front-cut-ride-on-mowers-13-3901-11
no,,,Stiga,STIG-13-3909-11,Stiga Manual Rear-Tool Lift Bracket | 13-3909-11,Stiga,483.00,,stiga-manual-rear-tool-lift-bracket-13-3909-11
no,,,Stiga,STIG-278720008/ST3,Stiga MT 500e 48v Cordless Multi-Tool (Tool Only),Stiga,246.00,,stiga-mt-500e-48v-two-in-one-cordless-battery-multi-tool-excluding-battery-and-charger
no,,,Stiga,STIG-299901077/0,Stiga Mulching-Kit with Blades - for 122cm Rear-Collect Tractors | 299901077/0,Stiga,125.00,,stiga-mulching-plug-and-mulching-blades-kit-for-122cm-tractors-299901077-0
no,,,Stiga,STIG-298471848/ST2,Stiga Multiclip 547 D Hand-Propelled Petrol Mulching Lawnmower with Side-Discharge,Stiga,379.00,,stiga-multiclip-547-d-123cc-45cm-hand-propelled-petrol-mulching-lawnmower-with-side-discharge
no,,,Stiga,STIG-298471048/ST2,Stiga Multiclip 547 Hand-Propelled Petrol Mulching Lawnmower,Stiga,359.00,,stiga-multiclip-547-123cc-45cm-hand-propelled-petrol-mulching-lawnmower
no,,,Stiga,STIG-291501048/ST2,Stiga Multiclip 550 Hand-Propelled Petrol Mulching Lawnmower,Stiga,410.95,,stiga-multiclip-550-139cc-48cm-hand-propelled-petrol-mulching-lawnmower
no,,,Stiga,STIG-291503038/ST1,Stiga Multiclip 950 V Self-Propelled Petrol Mulching Lawnmower (with Honda Engine),Stiga,1487.95,,stiga-multiclip-950-v-167cc-48cm-self-propelled-petrol-mulching-lawnmower-with-honda-engine
no,,,Stiga,STIG-2F5820421/ST2,Stiga Park 300 Front-Cut Ride-On Lawnmower (Excluding Deck),Stiga,2699.00,2899.00,stiga-park-300-432cc-single-cylinder-front-cut-ride-on-lawnmower-excluding-deck
no,,,Stiga,STIG-2F5820241/S16,Stiga Park 300 M Front-Cut Ride-On Lawnmower (Excluding Deck),Stiga,2389.00,2729.00,stiga-park-300-m-414cc-single-cylinder-front-cut-ride-on-lawnmower-excluding-deck
no,,,Stiga,Park700WX_110Combi,Stiga Park 700 WX 4WD V-Twin Front-Cut Ride-On Lawnmower Including Combi Pro 110 QF Deck,Stiga,7899.00,9068.00,stiga-park-700-wx-4wd-v-twin-front-cut-ride-on-lawnmower-including-combi-pro-110-qf-deck
no,,,Stiga,STIG-2F6230625/ST2,Stiga Park 900 WX 4WD V-Twin Front-Cut Ride-On Lawnmower (Excluding Deck),Stiga,6699.00,7699.00,stiga-park-900-wx-570cc-four-wheel-drive-twin-cylinder-front-cut-ride-on-lawnmower
no,,,Stiga,PARK-900-WX,Stiga Park 900 WX 4WD V-Twin Front-Cut Ride-On Lawnmower Including Combi Pro 125 QF Deck,Stiga,16678.00,12499.00,stiga-park-900-wx-4wd-v-twin-front-cut-ride-on-lawnmower-including-combi-125-qf-deck
no,,,Stiga,STIG-2D5808511/ST2,Stiga Park Combi 85 M Q QuickFlip Cutter-Deck | 2D5808511/ST2,Stiga,610.00,699.00,stiga-combi-85-m-q-quick-flip-cutter-deck
no,,,Stiga,STIG-2D5809521/ST2,Stiga Park Combi 95 Q QuickFlip Cutter Deck | 2D5809521/ST2,Stiga,860.00,989.00,stiga-park-combi-95-q-cutter-deck
no,,,Stiga,STIG-PARK-LAWN-RAKE-AXLE,Stiga Park Lawn-Rake Axle for Park Flail-Mower Attachment | 13-1986-11,Stiga,453.00,,stiga-park-lawn-rake-axle-for-park-flail-mower-attachment-13-1986-11
no,,,Stiga,STIG-277710038/ST2,Stiga PH 700e 48v Cordless Long-Reach Hedgetrimmer (Tool Only),Stiga,239.00,,stiga-ph-700e-48v-cordless-long-reach-battery-hedgetrimmer-with-50cm-blades-tool-only
no,,,Stiga,STIG-278420008/ST3,Stiga PR 700e 48v Cordless Top-Handle Arborist’s Chainsaw - 30cm Guide Bar (Tool Only),Stiga,249.00,,stiga-pr-700e-48v-cordless-top-handle-arborist-chainsaw-with-30cm-guide-bar-tool-only
no,,,Stiga,STIG-2A0000000/S16,Stiga Protective Cover for Park Front-Cut Ride-On Mowers | 2A0000000/S16,Stiga,116.95,,stiga-protective-cover-for-park-front-cut-ride-on-mowers-2a0000000-s16
no,,,Stiga,STIG-277710048/ST2,Stiga PS 700e 48v Cordless Pole-Pruner (Tool Only),Stiga,239.00,,stiga-ps-700e-48v-cordless-pole-pruner-with-25cm-guide-bar-tool-only
no,,,Stiga,STIG-299900750/1,Stiga PTO Kit – for Stiga Tractor Mowers | 299900750/1,Stiga,1099.00,,stiga-pto-kit-for-stiga-tractor-mowers-299900750-1
no,,,Stiga,STIG-RAC-VILLAS,Stiga RAC Quick Connection - for Villa Models | 13-0994-61,Stiga,100.00,,stiga-rac-quick-connection-villa-models-13-0994-61
no,,,Stiga,STIG-299900150/0,Stiga Rear Counterweight for 92cm Rear-Collect Tractors | 299900150/0,Stiga,181.00,,stiga-rear-counterweight-for-92cm-rear-collect-tractors-299900150-0
no,,,Stiga,STIG-107CM-RUB-SCRAPER,Stiga Rubber Scraper Bar for 107cm Snow Blade | 13-3904-61,Stiga,130.00,,stiga-rubber-scraper-bar-for-107cm-snow-blade-13-3904-61
no,,,Stiga,STIG-RUBBER-SCRAPER-13-1958-62,Stiga Rubber Scraper Bar for 120cm Snow Blade | 13-1958-62,Stiga,140.00,,stiga-rubber-scraper-bar-for-120cm-snow-blade-13-1958-62
no,,,Stiga,STIG-278500008/ST2,Stiga SAB 500 AE 48v Cordless Leaf-Blower (Tool Only),Stiga,119.00,136.00,stiga-sab-500-ae-48v-cordless-leaf-blower-tool-only
no,,,Stiga,STIG-277500008/ST1,Stiga SAB 700 AE 48v Cordless Leaf-Blower (Tool Only),Stiga,235.00,260.00,stiga-sab-700-ae-48v-cordless-battery-leaf-blower-tool-only
no,,,Stiga,STIG-279500008/ST1,Stiga SAB 900 AE 48v Cordless Leaf-Blower (Tool Only),Stiga,359.00,,stiga-sab-900-ae-48v-cordless-battery-leaf-blower-tool-only
no,,,Stiga,STIG-278200008/ST2,Stiga SBC 500 AE 48v Cordless Brushcutter with ‘Loop’ Handle (Tool Only),Stiga,179.00,209.00,stiga-sbc-500-ae-48v-cordless-battery-brushcutter-with-loop-handle-tool-only
no,,,Stiga,STIG-277200008/ST1,Stiga SBC 700 AE 48v Cordless Brushcutter with 'Loop' Handle (Tool Only),Stiga,205.00,240.00,stiga-sbc-700-ae-48v-cordless-battery-brushcutter-with-loop-handle-tool-only
no,,,Stiga,STIG-277210008/ST1,Stiga SBC 700 D AE 48v Cordless Brushcutter with ‘Cowhorn’ Handle (Tool Only),Stiga,245.00,291.00,stiga-sbc-700-d-ae-48v-cordless-brushcutter-with-cowhorn-handle-tool-only
no,,,Stiga,STIG-279210008/ST1,Stiga SBC 900 D AE 48v Cordless Brushcutter with ‘Cowhorn’ Handle (Tool Only),Stiga,439.00,,stiga-sbc-900-d-ae-48v-cordless-battery-brushcutter-with-cowhorn-handle-tool-only
no,,,Stiga,STIG-279050008/ST1,Stiga SBH 900 E Backpack Battery Harness,Stiga,241.00,241.00,stiga-sbh-900-e-backpack-battery-harness-for-48v-epower-batteries
no,,,Stiga,STIG-SBT4080AE,Stiga SBT4080AE 80v/4.0Ah Battery | 1111-9309-01,Stiga,504.95,,stiga-sbt4080ae-80v-4ah-lithium-ion-battery
no,,,Stiga,STIG-290401208/S15,Stiga SCM 240 R Rear-Deflect Manual Cylinder Mower,Stiga,99.00,,stiga-scm-240-r-40cm-five-bladed-rear-deflect-manual-cylinder-mower
no,,,Stiga,STIG-290401608/S15,Stiga SCM 440 FS Front-Deflect Manual Cylinder-Mower,Stiga,167.95,,stiga-scm-440-fs-40cm-five-bladed-front-deflect-manual-cylinder-mower
no,,,Stiga,271302208/UKS,Stiga SHT 100 AE KIT 20v Cordless Hedgetrimmer (Inc. Battery & Charger),Stiga,109.00,115.00,stiga-sht-100-ae-20v-cordless-hedgetrimmer-with-55cm-blades-inc-battery-and-charger
no,,,Stiga,STIG-277300008/ST1,Stiga SHT 700 AE 48v Cordless Hedgetrimmer (Tool Only),Stiga,215.00,251.00,stiga-sht-700-ae-48v-cordless-battery-hedgetrimmer-tool-only
no,,,Stiga,STIG-279300008/ST1,Stiga SHT 900 AE 48v Cordless Hedgetrimmer (Tool Only),Stiga,359.00,,stiga-sht-900-ae-48v-cordless-battery-hedgetrimmer-with-82cm-blades-tool-only
no,,,Stiga,STIG-13-3915-11,Stiga Side-Brush for Front-Mounted Sweeper | 13-3915-11,Stiga,675.00,,stiga-side-brush-for-front-mounted-sweeper-13-3915-11
no,,,Stiga,STIG-SILEX-PLOUGH,Stiga Silex Ridging-Plough Attachment  | 290950060/10,Stiga,125.00,,stiga-silex-ridging-plough-attachment-for-stiga-silex-103-b-two-wheel-tractor
no,,,Stiga,STIG-SMT-226,Stiga SMT-226 Petrol Multi-Tool,Stiga,339.00,,stiga-smt-226-petrol-multi-tool
no,,,Stiga,STIG-240461802/S17,Stiga SP 466 Petrol Chainsaw (45cm Guide Bar),Stiga,480.95,,stiga-sp-466-47cc-petrol-chainsaw-with-45cm-guide-bar
no,,,Stiga,STIG-277710038/ST1,Stiga SPH 700 AE 48v Cordless Long-Reach Hedgetrimmer (Tool Only),Stiga,235.00,260.00,stiga-sph-700-ae-48v-cordless-long-reach-battery-hedgetrimmer-with-50cm-blades-tool-only
no,,,Stiga,STIG-279710038/ST1,Stiga SPH 900 AE 48v Cordless Long-Reach Hedgetrimmer (Tool Only),Stiga,359.00,,stiga-sph-900-ae-48v-cordless-long-reach-hedgetrimmer-tool-only
no,,,Stiga,STIG-278420008/ST2,Stiga SPR 500 AE 48v Cordless Top-Handle Arborist’s Chainsaw - 30cm Guide Bar (Tool Only),Stiga,215.00,250.00,stiga-spr-500-ae-48v-top-handle-cordless-arborist-chainsaw-with-30cm-guide-bar-tool-only
no,,,Stiga,STIG-13-0978-61,Stiga Spring-Tine Hoe for Park Front-Cut Ride-On Mowers | 13-0978-61,Stiga,1311.00,,stiga-spring-tine-hoe-for-park-front-cut-ride-on-mowers-13-0978-61
no,,,Stiga,STIG-213601041/ST1,Stiga SRC 585 RG Petrol Front-Tine Tiller,Stiga,449.00,519.00,stiga-src-585-rg-182cc-60cm-petrol-front-tine-tiller
no,,,Stiga,STIG-290002132/14,Stiga SV 213 E 1300w/32cm 2-in-1 Electric Scarifier/Aerator,Stiga,139.00,159.00,stiga-sv-213-e-1300w-32cm-2-in-1-mains-electric-scarifier-aerator
no,,,Stiga,STIG-372E,Stiga Swift 372e Battery-Powered Rear-Collect Ride-On Lawnmower with Stepless Electronic Drive,Stiga,3499.00,3493.00,stiga-swift-325e-72cm-compact-battery-powered-rear-collect-ride-on-lawnmower-with-stepless-electronic-drive-including-3-batteries-and-two-chargers
no,,,Stiga,STIG-SWP355,Stiga SWP 355 Hand-Propelled Sweeper,Stiga,279.00,,stiga-swp-355-55cm-hand-propelled-sweeper
no,,,Stiga,STIG-SWP475,Stiga SWP 475 Hand-Propelled Sweeper,Stiga,429.00,429.00,stiga-swp-475-75cm-hand-propelled-sweeper
no,,,Stiga,STIG-SWP577,Stiga SWP 577 Hand-Propelled Sweeper,Stiga,529.00,529.00,stiga-swp-577-77cm-hand-propelled-sweeper
no,,,Stiga,STIG-TITAN-PLOUGH-13-7938-11,Stiga Titan 140H Snow Plough Blade (13-7938-11),Stiga,1999.00,,stiga-titan-140h-snow-plough-blade-13-7938-11
no,,,Stiga,STIG-BEACON-13-7933-11,Stiga Titan Beacon Light Kit  (13-7933-11),Stiga,135.00,,stiga-titan-beacon-light-kit-13-7933-11
no,,,Stiga,STIG-PIVOT-WHEELS-130H-SWEEPER,Stiga Titan Front Wheel Kit for RB130H Sweeper (13-7924-11),Stiga,649.00,,stiga-titan-front-wheel-kit-for-rb130h-sweeper
no,,,Stiga,STIG-RB130H-SWEEPER-13-7912-13,Stiga Titan RB130H Rotary Brush Snow Sweeper (13-7912-13),Stiga,2999.00,,stiga-titan-rb130h-rotary-brush-snow-sweeper-13-7912-13
no,,,Stiga,STIG-REVERSE-KIT-130H-SWEEPER,Stiga Titan Reverse Kit for RB130H Sweeper (13-7925-11),Stiga,459.00,,stiga-titan-reverse-kit-for-rb130h-sweeper
no,,,Stiga,STIG-RUBBER-SCRAPER-FOR-140H-SNOW-BLADE,Stiga Titan Rubber Scraper for 140cm Snow Plough (13-7939-11),Stiga,179.00,,stiga-titan-rubber-scraper-for-140cm-snow-plough
no,,,Stiga,STIG-TITAN-SPREADER-90,Stiga Titan S90 Sand Spreader (13-7916-12),Stiga,2700.00,,stiga-titan-s90-sand-spreader-13-7916-12
no,,,Stiga,STIG-Titan-SL90-Spreader-13-7917-13,Stiga Titan SL90 Self-Loading Sand Spreader (13-7917-13),Stiga,3699.00,,stiga-titan-sl90-self-loading-sand-spreader-13-7917-13
no,,,Stiga,STIG-Titan-Snow-Chains-13-7914-11,"Stiga Titan Snow Chains 20"" x 10 (13-7914-11)",Stiga,149.00,,stiga-titan-snow-chains-20-x-10-13-7914-11
no,,,Stiga,STIG-299900395/0,Stiga Tow Bar – for 84cm & 98cm Rear-Collect Tractors | 299900395/0,Stiga,80.00,,stiga-mp84-tow-bar-for-84cm-to-98cm-tractors-299900395-0
no,,,Stiga,STIG-PARK-PRO-SAND-FERT-SPREADER,Stiga Tow-Behind Fertiliser & Salt Spreader for Park Pro Front-Cut Ride-On Mowers | 13-1975-14,Stiga,1866.00,,stiga-tow-behind-fertiliser-salt-sand-gravel-spreader-for-park-pro-front-cut-ride-on-mowers-13-1975-14
no,,,Stiga,STIG-2I0000000/17,Stiga Trailer Hitch - for 121cm Side-Discharge Tractors | 2I0000000/17,Stiga,60.00,,stiga-trailer-hitch-for-121cm-garden-tractors-2i0000000-17
no,,,Stiga,R-RTN631,Stiga Twinclip 55 SH BBC Self-Propelled Lawnmower with Blade-Brake Clutch,Stiga,950.00,1189.00,stiga-twinclip-55-sh-bbc-self-propelled-lawnmower-with-blade-brake-clutch-rtn631
no,,,Stiga,STIG-294513548/ST1,Stiga Twinclip 950 VE 4-in-1 Variable-Speed Petrol Lawnmower with Electric Start,Stiga,1425.95,,stiga-twinclip-950-ve-196cc-48cm-4-in-1-variable-speed-petrol-lawnmower-with-electric-start
no,,,Stiga,STIG-294519048/ST1,Stiga Twinclip 950 VR Variable-Speed Petrol Rear-Roller Lawnmower,Stiga,945.00,,stiga-twinclip-950-vr-196cc-48cm-variable-speed-petrol-rear-roller-lawnmower
no,,,Stiga,STIG-294568038/ST2,Stiga Twinclip 955 B Self-Propelled Petrol Lawnmower with Blade-Brake Clutch & Honda Engine,Stiga,1692.95,,stiga-twinclip-955-b-163cc-53cm-self-propelled-petrol-lawnmower-with-blade-brake-clutch-and-honda-engine
no,,,Stiga,STIG-294563538/ST2,Stiga Twinclip 955 VE 4-in-1 Variable-Speed Petrol Lawnmower with Electric Start & Honda Engine,Stiga,1249.00,1500.00,stiga-twinclip-955-ve-166cc-53cm-4-in-1-variable-speed-petrol-lawnmower-with-electric-start-and-honda-engine
no,,,Stiga,STIG-219000080/15,Stiga Tyres Kit for SRC 685 RG Front-Tine Tiller | 219000080/15,Stiga,99.00,,stiga-tyres-kit-for-src-685-rg-front-tine-tiller-219000080-15
