"Category";"Shop SKU";"Name";"EAN";"Main Image 1";"Body Copy";"Secondary Image 1";"Secondary Image 2";"Secondary Image 3";"Secondary Image 4";"Secondary Image 5";"Secondary Image 6";"Secondary Image 7";"Secondary Image 8";"Product Guide";"Product Instruction Manual";"Safety Manual";"Video";"Unique Selling Point 1";"Unique Selling Point 2";"Unique Selling Point 3";"Unique Selling Point 4";"Unique Selling Point 5";"Unique Selling Point 6";"Unique Selling Point 7";"Unique Selling Point 8";"Acquisition brand";"Pack quantity";"Pack type";"Selling Copy";"Key Feature";"Manufacturer guarantee";"REACh Verified";"Contains wood and/or paper";"FSC or PEFC certified";"Legal information";"MultiSKU Product Group ID";"Manufacturer Name";"GPSR Exempt";"Warnings and Safety Information 01";"Warnings and Safety Information 02";"Warnings and Safety Information 03";"Warnings and Safety Information 04";"Warnings and Safety Information 05";"Warnings and Safety Information 06";"Warnings and Safety Information 07";"Warnings and Safety Information 08";"Warnings and Safety Information 09";"Warnings and Safety Information 10";"Safety Information Asset 1 - Digital Assets  01W";"Safety Information Asset 2 - Digital Assets  02W";"Safety Information Asset 3 - Digital Assets  03W";"Safety Information Asset 4 - Digital Assets  04W";"Safety Information Asset 5 - Digital Assets  05W";"EU Warning_Safety Information";"Made from 100% recycled wood and/or paper";"Product type";"Charger type";"Range";"Product width (mm)";"Colour";"Battery ports";"Charge time (fast charger) (min)";"Charging current (A)";"Compatible battery chemistry";"Input voltage (V)";"Model name/number";"Power voltage supply";"Product weight (kg)";"Compatibility";"Guarantee exclusion specifications";"Cable length (mm)";"Product depth (mm)";"Product height (mm)";"Compatible battery voltages (charging)";"Declaration of Conformity";"Safety Test Report 1";"Declaration of Identity";"Product Identification 1";"International Compliance Documents Details";"International Compliance Status";"Product Identification 2";"Product Identification 3";"Safety Test Report 2";"Safety Test Report 3";"line number";"warnings";"errors"
"category";"shop_sku";"name";"ean";"image_main_1";"Body Copy";"image_secondary_1";"image_secondary_2";"image_secondary_3";"image_secondary_4";"image_secondary_5";"image_secondary_6";"image_secondary_7";"image_secondary_8";"pdf_product_guide";"pdf_product_instruction_manual";"pdf_safety_manual";"video";"Unique Selling Point 01";"Unique Selling Point 02";"Unique Selling Point 03";"Unique Selling Point 04";"Unique Selling Point 05";"Unique Selling Point 06";"Unique Selling Point 07";"Unique Selling Point 08";"Acquisition brand";"Core_Pack quantity";"Core_Pack type";"Selling Copy";"Key_Feature";"Guarantee";"reach_verified";"contains_wood";"fsc_pecl_certified";"Legal_notices";"Mirakl_ProductGroup_ID";"GPSR_Manufacturer_Name";"GPSR_2023_Exempt";"GPSR_Warn_Safety_Info_01";"GPSR_Warn_Safety_Info_02";"GPSR_Warn_Safety_Info_03";"GPSR_Warn_Safety_Info_04";"GPSR_Warn_Safety_Info_05";"GPSR_Warn_Safety_Info_06";"GPSR_Warn_Safety_Info_07";"GPSR_Warn_Safety_Info_08";"GPSR_Warn_Safety_Info_09";"GPSR_Warn_Safety_Info_10";"image_GPSR_safety_1";"image_GPSR_safety_2";"image_GPSR_safety_3";"image_GPSR_safety_4";"image_GPSR_safety_5";"pdf_gpsr_safety_document_1";"Made_from_100pct_recycled_wood_paper";"Core_Product type";"Charger_type";"Type_Range";"Product_width";"Vdesc_Colour";"Battery_ports";"Charge_time_fast_charger";"Tech_Charging current";"Compatible_battery_chemistry";"Input_voltage";"Tech_Model name/number";"Power_voltage_supply";"Product_weight";"Compatibility";"Guarantee_specifics";"Tech_Cable length";"Product_depth";"Product_height";"Compatible_battery_voltages";"pdf_declaration_of_conformity";"pdf_safety_test_report";"pdf_declaration_of_identity";"image_product_identification";"marketplace_cbt_details";"Marketplace_CBT_Status";"image_product_identification_2";"image_product_identification_3";"pdf_safety_test_report_2";"pdf_safety_test_report_3";"2";"";"1004|The category could not be identified"
"Marketplace Categories/Electrical/Batteries & Chargers (Power Tools)/Power Tool Battery Chargers without Batteries";"SBSCBC";"Spectrum SBSCBC 40V Standard Battery Charger (0.5A)";"5065022450719";"https://cdn.shopify.com/s/files/1/0654/0004/5735/files/Spectrum-SBSCBC-Standard-Charger-Main.webp?v=1774280717";"Built to keep Spectrum 40V lithium-ion batteries in peak condition without rushing them, the SBSCBC delivers a steady 0.5A trickle through the night. By morning the pack is at full charge and ready for whatever the garden throws at it.

At just 170g and small enough to drop into any drawer, this is the everyday charger most single-battery toolkits will need. The 0.5A rate is widely accepted as the kindest cycle for lithium-ion longevity - slow charging means lower internal heat and more years of useful life from each pack.

An LED on the front confirms when a charge is in progress and when the pack is full. If you need quicker turnaround between sessions, the Spectrum SBSCSC fast charger (2A) is the sister product.";"";"";"";"";"";"";"";"";"";"";"";"";"Compatible with every Spectrum 40V lithium-ion battery pack";"0.5A trickle rate looks after battery life cycle after cycle";"Compact 9 x 8 x 12cm body drops into any drawer or toolbox";"LED tells you when charging starts and when the pack is full";"Just 170g, light enough to take in any kit bag";"";"";"";"Spectrum";"1";"Each";"Slow-and-steady 40V charger that looks after Spectrum lithium-ion battery packs for the long haul. Plug in after a session, walk away, fully charged by morning.";"0.5A Standard 40V Charger";"5 years";"Yes";"No";"No";"";"";"";"";"";"";"";"";"";"";"";"";"";"";"";"";"";"";"";"";"No";"Battery charger";"Standard";"";"90";"";"1";"";"0.5";"Li-ion";"240";"SBSCBC";"240V";"0.17";"Compatible with all Spectrum 40V lithium-ion battery packs";"";"";"80";"120";"";"";"";"";"";"";"";"";"";"";"";"3";"";"1004|The category could not be identified"
"Marketplace Categories/Electrical/Batteries & Chargers (Power Tools)/Power Tool Battery Chargers without Batteries";"SBSCSC";"Spectrum SBSCSC 40V Fast Battery Charger (2A)";"5065022450696";"https://cdn.shopify.com/s/files/1/0654/0004/5735/files/Spectrum-SBSCSC-Fast-Charger.webp?v=1774280718";"When sessions are split across the day, a fast charger turns a flat battery from a coffee-break problem into a coffee-break fix. The Spectrum SBSCSC pushes 2A into any 40V Spectrum lithium-ion pack, replenishing a 2.0Ah battery in about an hour and a 4.0Ah pack in roughly two.

It is the right charger for single-battery toolkits where downtime costs you progress. Run a battery through the mower in the morning, top it up over lunch, finish the trimming after. Built-in charge-management circuitry watches the pack throughout, then cuts off cleanly at full capacity to keep cell health intact.

At 470g and 11 x 9 x 17cm the unit still sits comfortably on a workbench or in a toolbox. Pair with the Spectrum Dual Charger if you need to run two packs through their cycles at once.";"";"";"";"";"";"";"";"";"";"";"";"";"2A fast charge, four times quicker than the standard SBSCBC";"Tops up a 2.0Ah pack in about an hour, 4.0Ah in about two";"Works with every 40V Spectrum lithium-ion battery in the range";"Automatic cut-off at full charge looks after lithium-ion cell life";"Compact 11 x 9 x 17cm body fits on any bench or shelf";"Onboard charge-management circuitry keeps each cycle stable";"";"";"Spectrum";"1";"Each";"The 40V fast charger for gardeners running a single battery through more than one Spectrum tool. Plug in over a coffee, back to full power before you finish it.";"2A Fast 40V Charger";"5 years";"Yes";"No";"No";"";"";"";"";"";"";"";"";"";"";"";"";"";"";"";"";"";"";"";"";"No";"Battery charger";"Fast";"";"90";"";"1";"60";"2";"Li-ion";"240";"SBSCSC";"240V";"0.47";"Compatible with all Spectrum 40V lithium-ion battery packs";"";"";"110";"170";"";"";"";"";"";"";"";"";"";"";"";"4";"";"1004|The category could not be identified"
"Marketplace Categories/Electrical/Batteries & Chargers (Power Tools)/Power Tool Battery Chargers without Batteries";"SBSCDC";"Spectrum SBSCDC 40V Dual Battery Charger (2A Fast Charge)";"5065022450702";"https://cdn.shopify.com/s/files/1/0654/0004/5735/files/Spectrum-SBSCDC-Twin-Battery-Charger-Main.webp?v=1774538706";"Rotating two batteries through one tool stops being a juggling act when the charger handles both packs at once. The Spectrum SBSCDC runs two 40V lithium-ion batteries side by side at a full 2A per port, refilling a 2.0Ah pack in around an hour and a 4.0Ah in roughly two.

It suits gardeners who finish a job faster than a single battery will allow. Plug both packs in at the end of one session, and a full set is waiting before the next. Each port is monitored independently, so whichever battery hits full charge first cuts off cleanly without holding the other back.

The casing measures 20 x 17 x 9cm and weighs 750g, which sits comfortably on a workbench or shed shelf without taking up the space of two separate chargers. Works with every Spectrum 40V battery in the range.";"https://cdn.shopify.com/s/files/1/0654/0004/5735/files/Spectrum-SBSCDC-Twin-Battery-Charger-Close.webp?v=1774538706";"";"";"";"";"";"";"";"";"";"";"";"Charges two Spectrum 40V batteries side by side at once";"2A per port, full 2.0Ah pack in about an hour, 4.0Ah in two";"Independent monitoring on each port for clean auto cut-off";"Works with every Spectrum 40V lithium-ion battery in the range";"Compact 20 x 17 x 9cm body saves space versus two chargers";"Only 750g, sits neatly on any workbench or shed shelf";"";"";"Spectrum";"1";"Each";"Twin-port fast charger that keeps two Spectrum 40V batteries ready at once. End one session with both packs flat, start the next with both at full.";"2A Dual Port 40V Charger";"5 years";"Yes";"No";"No";"";"";"";"";"";"";"";"";"";"";"";"";"";"";"";"";"";"";"";"";"No";"Battery charger";"Fast";"";"170";"";"2";"60";"2";"Li-ion";"240";"SBSCDC";"240V";"0.75";"Compatible with all Spectrum 40V lithium-ion battery packs (2.0Ah and 4.0Ah)";"";"";"200";"90";"";"";"";"";"";"";"";"";"";"";"";"5";"";"1004|The category could not be identified"
