"id","org_id","created_date","created_by_user_id","last_modified_date","last_modified_by_user_id","deleted_date","deleted_by_user_id","product_code","product_sku","display_image_id","product_name","product_description","cost_price","cost_price_average","cost_price_percentage","cost_chart_of_accounts","cost_currency","premium_declaration_cost_price","underwriter_cost_price","underwriter_cost_price_percentage","agent_cost_price","agent_cost_price_percentage","sell_currency","sell_price","sell_chart_of_accounts","status","product_type","product_category","parent_product_id","is_parent_product","pending_product_qty_in_stock","product_qty_in_stock","manage_stock","stock_value","resell_value","minimum_retail_price","maximum_retail_price","template_id","company_id","start_date","end_date","external_reference","sales_unit","recommended_retail_price","weight","service_levy_percentage","admin_fee","service_provision","plan_operating_charge","clip_fee_percentage","location","margin_calculation","supplier_id","part_number","bay","ean_barcode","product_image"
66750,6,,,,777,,,"297411043/M21","297411043/M21",,"MOUNTFIELD HP41 HAND PROPELLED PETROL LAWNMOWER","MOUNTFIELD HP41 HAND PROPELLED PETROL LAWNMOWER",115.33,123.55,,"4010","GBP",,,,,,"GBP",157.5,"4010","Active","4010 - WALK BEHIND LAWNMOWERS","31",,0,0,12,1,1383.96,1890,,,,,,,"C-297411043/M21",,,,,,,,,"",,,,,,
66849,6,,,"2026-01-12T09:11:53.000Z",24305274,,,"2T2010483/M25","2T2010483/M25",,"MOUNTFIELD 1330M REAR-COLLECT LAWN TRACTOR WITH MANUAL DRIVE","MOUNTFIELD 1330M REAR-COLLECT LAWN TRACTOR WITH MANUAL DRIVE",864,976.42,,"4011","GBP",,,,,,"GBP",1799.17,"4011","Active","4011 - RIDE ON LAWNMOWERS","31",,0,0,26,1,22464,46778.42,,,,,,,"C-2T2010483/M25",,,171,,,,,,"",,752173,,,,
67204,6,,,,777,,,"DM1E34FB.6.1","DM1E34FB.6.1",,"AIR FILTER DM26PB/PBV","AIR FILTER DM26PB/PBV",0.01,0.01,,"4000","GBP",,,,,,"GBP",11.4,"4000","Active","4000 - Delivery charges - outward freight","20",,0,0,20,1,0.2,228,,,,,,,"C-DM1E34FB.6.1",,,,,,,,,"DM9C BOX",,,,,,
67207,6,,,,777,,,"DM26C","DM26C",,"SPECTRUM DM26C CURVED-SHALF PETROLGRASS-TRIMMER","SPECTRUM DM26C CURVED-SHALF PETROLGRASS-TRIMMER",33.65,35.23,,"4012","GBP",,,,,,"GBP",189.95,"4012","Active","4012 - HANDHELD PRODCUTS","26",,0,0,74,1,2490.1,14056.3,,,,,,,"C-DM26C",,,5,,,,,,"",,,,,,
67209,6,,,,777,,,"DM26L","DM26L",,"SPECTRUM DM26L PETROL BRUSHCUTTER","SPECTRUM DM26L PETROL BRUSHCUTTER",42.4,42.4,,"4012","GBP",,,,,,"GBP",259.95,"4012","Active","4012 - HANDHELD PRODCUTS","26",,0,0,32,1,1356.8,8318.4,,,,,,,"C-DM26L",,,5.1,,,,,,"",,,,,,
67212,6,,,,777,,,"DM26PBV","DM26PBV",,"SPECTRUM DM26PBV PETROL BLOWER-VAC","SPECTRUM DM26PBV PETROL BLOWER-VAC",44.8,40,,"4012","GBP",,,,,,"GBP",228.95,"4012","Active","4012 - HANDHELD PRODCUTS","26",,0,0,233,1,10438.4,53345.35,,,,,,,"C-DM26PBV",,,4.5,,,,,,"",,,,,,
67315,6,,,,777,,,"FSC","FSC",,"FEIDER POWERED RAKE ATTACHMENT FOR FAST175T","FEIDER POWERED RAKE ATTACHMENT FOR FAST175T",19.41,19.41,,"4018","GBP",,,,,,"GBP",62.5,"4018","Active","4018 - VACCUMS & SWEEPERS","1",,0,0,28,1,543.48,1750,,,,,,,"C-FSC",,,2,,,,,,"",,752066,,,,
67437,6,,,"2026-04-04T23:10:56.000Z",24305253,,,"PDI","PDI",,"PRE DELIVERY INSPECTION","PRE DELIVERY INSPECTION",0.01,0.01,,"4025","GBP",,,,,,"GBP",125,"4025","Active","4025 - MISC","201",,0,0,821,1,8.21,102625,,,,,,,"C-PDI",,,1,,,,,,"",,,,,,
67449,6,,,,777,,,"RAC139PTIL","RAC139PTIL",,"RACING RAC139PTIL PETROL FRONT-TINE TILLER","RACING RAC139PTIL PETROL FRONT-TINE TILLER",116.44,121.49,,"4017","GBP",,,,,,"GBP",199.95,"4017","Active","4017 - TILLERS & CULTIVATORS","2",,0,0,30,1,3493.2,5998.5,,,,,,,"C-RAC139PTIL",,,32.7,,,,,,"",,,,,,
67476,6,,,,777,,,"RS600","RS600",,"ROADSTARTÂ® 600A 12V LITHIUM-ION JUMP","ROADSTARTÂ® 600A 12V LITHIUM-ION JUMP",42.98,42.98,,"4025","GBP",,,,,,"GBP",62.46,"4025","Active","4025 - MISC","24",,0,0,12,1,515.76,749.52,,,,,,,"C-RS600",,,,,,,,,"",,,,,,
67480,6,,,,777,,,"SBC4","SBC4",,"BATTERY MAINTAINER CHARGER 12V 4A FULLY","BATTERY MAINTAINER CHARGER 12V 4A FULLY",17.98,17.98,,"4025","GBP",,,,,,"GBP",33.29,"4025","Active","4025 - MISC","24",,0,0,16,1,287.68,532.64,,,,,,,"C-SBC4",,,,,,,,,"",,,,,,
67492,6,,,,777,,,"SP22111","SP22111",,"SPECTRUM SP22111 TOWED TRAILER","SPECTRUM SP22111 TOWED TRAILER",68.85,77.89,,"4025","GBP",,,,,,"GBP",249.95,"4025","Active","4025 - MISC","26",,0,0,36,1,2478.6,8998.2,,,,,,,"C-SP22111",,,28.6,,,,,,"",,,,,,
67493,6,,,,777,,,"SP22111-4","SP22111-4",,"SPECTRUM SP22111-4 181KG POLY TIPPING CART","SPECTRUM SP22111-4 181KG POLY TIPPING CART",55.38,70.71,,"4025","GBP",,,,,,"GBP",174.13,"4025","Active","4025 - MISC","26",,0,0,34,1,1882.92,5920.42,,,,,,,"C-SP22111-4",,,25.4,,,,,,"",,,,,,
67494,6,,,"2026-05-21T07:28:55.000Z",24305285,,,"SP22124","SP22124",,"SPECTRUM SP22124 227kg CAPACITY STEEL TRAILER","SPECTRUM SP22124 227kg CAPACITY STEEL TRAILER",69.63,76.53,,"4025","GBP",,,,,,"GBP",269.95,"4025","Active","4025 - MISC","26",,0,0,38,1,2645.94,10258.1,,,,,,,"C-SP22124",,,36.7,,,,,,"",,,,,,
67497,6,,,,777,,,"SP31105","SP31105",,"SPECTRUM SP31105 97CM TOWED LAWN & LEAF SWEEPER","SPECTRUM SP31105 97CM TOWED LAWN & LEAF SWEEPER",87.3,96.03,,"4025","GBP",,,,,,"GBP",166.63,"4025","Active","4025 - MISC","28",,0,0,32,1,2793.6,5332.16,,,,,,,"C-SP31105",,,29,,,,,,"",,,,,,
67498,6,,,,777,,,"SP31109","SP31109",,"SPECTRUM SP31109 122CM TOWED LAWN & LEAF SWEEPER","SPECTRUM SP31109 122CM TOWED LAWN & LEAF SWEEPER",99.55,114.74,,"4025","GBP",,,,,,"GBP",369.95,"4025","Active","4025 - MISC","26",,0,0,27,1,2687.85,9988.65,,,,,,,"C-SP31109",,,37,,,,,,"",,,,,,
67499,6,,,"2025-11-17T12:17:18.000Z",24305274,,,"SP31128","SP31128",,"SPECTRUM SP31128 137CM TOWED LAWN & LEAF SWEEPER","SPECTRUM SP31128 137CM TOWED LAWN & LEAF SWEEPER 54""",115.59,129.27,,"4025","GBP",,,,,,"GBP",439.95,"4025","Active","4025 - MISC","26",,0,0,26,1,3005.34,11438.7,,,,,,,"C-SP31128",,,44.9,,,,,,"",,,,,,
67651,6,,,"2026-05-06T10:24:53.000Z",24305281,,,"TG51SE","TG51SE",,"SPECTRUM TG51SE KEY START LAWNMOWER","SPECTRUM TG51SE KEY START LAWNMOWER",126.92,138.49,,"4010","GBP",,,,,,"GBP",416.63,"4010","Active","4010 - WALK BEHIND LAWNMOWERS","26",,0,0,107,1,13580.44,44579.41,,,,,,,"C-TG51SE",,,36,,,,,,"",,,,,,
67653,6,,,,777,,,"TG56SE","TG56SE",,"SPECTRUM TG56SE KEY START LAWNMOWER","SPECTRUM TG56SE KEY START LAWNMOWER",137.69,145.12,,"4010","GBP",,,,,,"GBP",499.96,"4010","Active","4010 - WALK BEHIND LAWNMOWERS","26",,0,0,94,1,12942.86,46996.24,,,,,,,"C-TG56SE",,,38,,,,,,"",,,,,,
67700,6,,,,666,,,"CS-310ES/35","CS-310ES/35",,"ECHO CS-310ES/35 PEROL CHAINSAW 14"" 30CC""","ECHO CS-310ES/35 PEROL CHAINSAW 14"" 30CC""",119.5,136.1,,"4016","GBP",,,,,,"GBP",199.17,"4016","Active","4016 - CHAINSAW","63",,0,0,14,1,1673,2788.38,,,,,,,"CS-310ES/35",,,,,,,,,"",,,,,,
69232,6,"2025-08-01T05:07:39.000Z",666,,777,,,"210/10","210/10",,"SEALEY PROTECTIVE GOOGLES","SEALEY PROTECTIVE GOOGLES",0.4,0.4,,,"GBP",,,,,,"GBP",8.29,"4025","Active",,"24",,0,0,200,1,80,1658,,,,,,,"C-210/10",,,,,,,,,,,752164,,,,
69262,6,"2025-08-01T05:07:39.000Z",666,"2026-01-20T10:40:32.000Z",24305274,,,"2T0052483/CAS","2T0052483/CAS",,"MOUNTFIELD 827M RIDE-ON LAWNMOWER","MOUNTFIELD 827M RIDE-ON LAWNMOWER",702,735.88,,,"GBP",,,,,,"GBP",1440.83,"4011","Active",,"31",,0,0,49,1,34398,70600.67,,,,,,,"C-2T0052483/CAS",,,,,,,,,,,752173,,,,
69371,6,"2025-08-01T05:07:39.000Z",666,,777,,,"CL20-R-DUO","CL20-R-DUO",,"SPECTRUM CL20-R-DUO 2.0MM STRIMMER LINE","SPECTRUM CL20-R-DUO 2.0MM STRIMMER LINE",2.45,2.45,,,"GBP",,,,,,"GBP",18.95,"4025","Active",,"26",,0,0,394,1,965.3,7466.3,,,,,,,"C-CL20-R-DUO",,,,,,,,,,,,,,,
69372,6,"2025-08-01T05:07:39.000Z",666,,777,,,"CL24-R-DUO","CL24-R-DUO",,"SPECTRUM CL24-R-DUO 2.40MM STRIMMER LINE","SPECTRUM CL24-R-DUO 2.40MM STRIMMER LINE",2.45,2.45,,,"GBP",,,,,,"GBP",15.79,"4025","Active",,"26",,0,0,687,1,1683.15,10847.73,,,,,,,"C-CL24-R-DUO",,,,,,,,,,,,,,,
69373,6,"2025-08-01T05:07:39.000Z",666,,777,,,"CL27-R-DUO","CL27-R-DUO",,"SPECTRUM CL27-R-DUO 2.7MM STRIMMER LINE","SPECTRUM CL27-R-DUO 2.7MM STRIMMER LINE",2.45,2.45,,,"GBP",,,,,,"GBP",18.95,"4025","Active",,"26",,0,0,391,1,957.95,7409.45,,,,,,,"C-CL27-R-DUO",,,,,,,,,,,,,,,
69374,6,"2025-08-01T05:07:39.000Z",666,,777,,,"CL30-R-DUO","CL30-R-DUO",,"SPECTRUM CL30-R-DUO 3.0MM STRIMMER LINE","SPECTRUM CL30-R-DUO 3.0MM STRIMMER LINE",2.45,2.45,,,"GBP",,,,,,"GBP",18.95,"4025","Active",,"26",,0,0,392,1,960.4,7428.4,,,,,,,"C-CL30-R-DUO",,,,,,,,,,,,,,,
69376,6,"2025-08-01T05:07:39.000Z",666,,777,,,"CL40-SQ","CL40-SQ",,"SPECTRUM CL40-SQ 4.0MM SQUARE STRIMMER LINE","SPECTRUM CL40-SQ 4.0MM SQUARE STRIMMER LINE",4.79,4.79,,,"GBP",,,,,,"GBP",39.95,"4025","Active",,"26",,0,0,57,1,273.03,2277.15,,,,,,,"C-CL40-SQ",,,,,,,,,,,,,,,
69419,6,"2025-08-01T05:07:39.000Z",666,,777,,,"GNP560-WT","GNP560-WT",,"SPECTRUM GNP560-WT WHEELED TRIMMER","SPECTRUM GNP560-WT WHEELED TRIMMER",120.64,122.53,,,"GBP",,,,,,"GBP",349.95,"4025","Active",,"26",,0,0,76,1,9168.64,26596.2,,,,,,,"C-GNP560-WT",,,,,,,,,,,,,,,
69440,6,"2025-08-01T05:07:39.000Z",666,,777,,,"HP-175","HP-175",,"THE HANDY 500ML 2 STROKE SEMI-SYNTHETIC ENGINE OIL","THE HANDY 500ML 2 STROKE SEMI-SYNTHETIC ENGINE OIL",2.24,2.12,,,"GBP",,,,,,"GBP",5.95,"4025","Active",,"52",,0,0,19,1,42.56,113.05,,,,,,,"C-HP-175",,,,,,,,,,,752114,,,,
69442,6,"2025-08-01T05:07:39.000Z",666,"2025-11-08T10:55:54.000Z",24305274,,,"HP-196","HP-196",,"HANDY 10W/30 OIL 1 LTR","HANDY 10W/30 OIL 1 LTR",2.99,2.99,,,"GBP",,,,,,"GBP",7.46,"4025","Active",,"52",,0,0,961,1,2873.39,7169.06,,,,,,,"C-HP-196",,,,,,,,,,,752114,,,,
69514,6,"2025-08-01T05:07:39.000Z",666,,777,,,"PFC-10R-P","PFC-10R-P",,"SPECTRUM PFC-10R-P FUEL CAN - 10 LTR PLASTIC","SPECTRUM PFC-10R-P FUEL CAN - 10 LTR PLASTIC",4.09,4.09,,,"GBP",,,,,,"GBP",13.74,"4019","Active",,"26",,0,0,164,1,670.76,2253.36,,,,,,,"C-PFC-10R-P",,,,,,,,,,,,,,,
69515,6,"2025-08-01T05:07:39.000Z",666,"2026-03-29T13:44:25.000Z",24305283,,,"PFC-20G-M","PFC-20G-M",,"SPECTRUM PFC-20G-M FUEL CAN - 20 LTR METAL","SPECTRUM PFC-20G-M FUEL CAN - 20 LTR METAL",14.99,12.33,,,"GBP",,,,,,"GBP",39,"4019","Active",,"26",,0,0,53,1,794.47,2067,,,,,,,"C-PFC-20G-M",,,,,,,,,,,,,,,
69516,6,"2025-08-01T05:07:39.000Z",666,"2026-03-29T20:03:52.000Z",24305283,,,"PFC-20R-P","PFC-20R-P",,"SPECTRUM PFC-20R-P FUEL CAN - 20 LTR Heavy Duty Anti Spill","SPECTRUM PFC-20R-P FUEL CAN - 20 LTR Red  With anti spill spout all in one - East to use handle in base. ",6.27,6.27,,,"GBP",,,,,,"GBP",24,"4019","Active",,"26",,0,0,467,1,2928.09,11208,,,,,,,"C-PFC-20R-P",,,,,,,,,,,,,,,
69517,6,"2025-08-01T05:07:39.000Z",666,,777,,,"PFC-5R-P","PFC-5R-P",,"SPECTRUM PFC-5R-P FUEL CAN - 5 LTR PLASTIC","SPECTRUM PFC-5R-P FUEL CAN - 5 LTR PLASTIC",3.13,3.13,,,"GBP",,,,,,"GBP",8.29,"4019","Active",,"26",,0,0,312,1,976.56,2586.48,,,,,,,"C-PFC-5R-P",,,,,,,,,,,,,,,
69518,6,"2025-08-01T05:07:39.000Z",666,,777,,,"PFC-SPOUT","PFC-SPOUT",,"SPECTRUM JERRY CAN SPOUT - PFC-SPOUT","SPECTRUM JERRY CAN SPOUT - PFC-SPOUT",1.66,1.66,,,"GBP",,,,,,"GBP",8.29,"4019","Active",,"26",,0,0,90,1,149.4,746.1,,,,,,,"C-PFC-SPOUT",,,,,,,,,,,,,,,
69546,6,"2025-08-01T05:07:39.000Z",666,,777,,,"SW420-EXPERT","SW420-EXPERT",,"SPECTRUM SW420 EXPERT 2 IN 1 PETROL SCARIFIER","SPECTRUM SW420 EXPERT 2 IN 1 PETROL SCARIFIER",123.81,120.94,,,"GBP",,,,,,"GBP",374.96,"4013","Active",,"26",,0,0,96,1,11885.76,35996.16,,,,,,,"C-SW420-EXPERT",,,,,,,,,,,,,,,
69578,6,"2025-08-01T05:07:39.000Z",666,,777,,,"TG40PD-RET","TG40PD-RET",,"SPECTRUM TG40PD RETURN","SPECTRUM TG40PD RETURN",70.03,0,,,"GBP",,,,,,"GBP",178.95,"4010","Active",,"27",,0,0,15,0,1050.45,2684.25,,,,,,,"C-TG40PD-RET",,,,,,,,,,,,,,,
69579,6,"2025-08-01T05:07:39.000Z",666,"2026-05-08T10:16:56.000Z",24305285,,,"TG40SE","TG40SE",,"SPECTRUM TG40SE LAWNMOWER WITH ELECTRIC START","SPECTRUM TG40SE LAWNMOWER WITH ELECTRIC START",83.46,83.72,,,"GBP",,,,,,"GBP",379.95,"4010","Active",,"26",,0,0,23,1,1919.58,8738.85,,,,,,,"C-TG40SE",,,,,,,,,,,,,,,
69581,6,"2025-08-01T05:07:39.000Z",666,,777,,,"TG48-PRO","TG48-PRO",,"SPECTRUM TG48-PRO VARIABLE SPEED PETROL LAWNMOWER","SPECTRUM TG48-PRO VARIABLE SPEED PETROL LAWNMOWER",193.66,193.11,,,"GBP",,,,,,"GBP",649.95,"4000","Active",,"26",,0,0,75,1,14524.5,48746.25,,,,,,,"C-TG48-PRO",,,,,,,,,,,,,,,
69582,6,"2025-08-01T05:07:39.000Z",666,,777,,,"TG50-UTILITY","TG50-UTILITY",,"SPECTRUM TG50-UTILITY LAWNMOWER","SPECTRUM TG50-UTILITY LAWNMOWER",79.41,81.74,,,"GBP",,,,,,"GBP",249.96,"4010","Active",,"26",,0,0,22,1,1747.02,5499.12,,,,,,,"C-TG50-UTILITY",,,,,,,,,,,,,,,
69583,6,"2025-08-01T05:07:39.000Z",666,,777,,,"TG51PD","TG51PD",,"SPECTRUM TG51PD SELF-PROPELLED PETROL LAWNMOWER","SPECTRUM TG51PD SELF-PROPELLED PETROL LAWNMOWER",78.85,84.27,,,"GBP",,,,,,"GBP",199.95,"4010","Active",,"26",,0,0,123,1,9698.55,24593.85,,,,,,,"C-TG51PD",,,,,,,,,,,,,,,
69585,6,"2025-08-01T05:07:39.000Z",666,,777,,,"TG56-PRO","TG56-PRO",,"SPECTRUM TG56-PRO LAWNMOWER","SPECTRUM TG56-PRO LAWNMOWER",204.62,204.62,,,"GBP",,,,,,"GBP",458.29,"4010","Active",,"26",,0,0,65,1,13300.3,29788.85,,,,,,,"C-TG56-PRO",,,,,,,,,,,,,,,
69586,6,"2025-08-01T05:07:39.000Z",666,"2025-10-30T14:26:11.000Z",24305274,,,"TG60FTTR","TG60FTTR",,"SPECTRUM TG60FTTR PETROL CULTIVATOR","SPECTRUM TG60FTTR PETROL CULTIVATOR",138.07,128.6,,,"GBP",,,,,,"GBP",399.95,"4017","Active",,"26",,0,0,37,1,5108.59,14798.15,,,,,,,"C-TG60FTTR",,,,,,,,,,,,,,,
69590,6,"2025-08-01T05:07:39.000Z",666,,777,,,"TY5-7STAND","TY5-7STAND",,"SPECTRUM LOG SPLITTER STAND FOR 5T AND 7T LOG SPLITTERS","SPECTRUM LOG SPLITTER STAND FOR 5T AND 7T LOG SPLITTERS",19.17,19.17,,,"GBP",,,,,,"GBP",69.95,"4025","Active",,"26",,0,0,89,1,1706.13,6225.55,,,,,,,"C-TY5-7STAND",,,,,,,,,,,,,,,
69591,6,"2025-08-01T05:07:39.000Z",666,,777,,,"TY5000H","TY5000H",,"SPECTRUM TY5000H 5 TONNE LOG SPLITTER","SPECTRUM TY5000H 5 TONNE LOG SPLITTER",116.92,116.32,,,"GBP",,,,,,"GBP",349.95,"4025","Active",,"26",,0,0,11,1,1286.12,3849.45,,,,,,,"C-TY5000H",,,,,,,,,,,,,,,
69592,6,"2025-08-01T05:07:39.000Z",666,,777,,,"TY7000H","TY7000H",,"SPECTRUM TY7000H 7 TONNE LOG SPLITTER","SPECTRUM TY7000H 7 TONNE LOG SPLITTER",132.88,135.97,,,"GBP",,,,,,"GBP",208.29,"4025","Active",,"26",,0,0,21,1,2790.48,4374.09,,,,,,,"C-TY7000H",,,,,,,,,,,,,,,
69593,6,"2025-08-01T05:07:39.000Z",666,,777,,,"TY8000V","TY8000V",,"SPECTRUM TY8000V 8-TONNE VERTICAL ELECTRIC LOG SPLITTER","SPECTRUM TY8000V 8-TONNE VERTICAL ELECTRIC LOG SPLITTER",230.57,233.98,,,"GBP",,,,,,"GBP",599.95,"4025","Active",,"26",,0,0,16,1,3689.12,9599.2,,,,,,,"C-TY8000V",,,,,,,,,,,,,,,
69808,6,"2025-10-03T10:28:59.000Z",666,,777,,,"TG40SE-AMZ","TG40SE-AMZ",,"SPECTRUM TG40SE KEY START  LAWNMOWER - AMAZON FULFILLED","SPECTRUM TG40SE KEY START  LAWNMOWER - AMAZON FULFILLED",80.72,80.72,,,"GBP",,,,,,"GBP",249.96,"4010","Active",,"26",,0,0,34,0,2744.48,8498.64,,,,,,,"C-TG40SE-AMZ",,,,,,,,,,,,,,,
69876,6,"2025-10-03T10:28:59.000Z",666,,777,,,"SP45103","SP45103",,"Spectrum SP45103 36"" Towed Steel Lawn Roller""","Spectrum SP45103 36"" Towed Steel Lawn Roller""",71.19,71.19,,,"GBP",,,,,,"GBP",386.95,"4025","Active",,"26",,0,0,13,1,925.47,5030.35,,,,,,,"C-SP45103",,,,,,,,,,,,,,,
69909,6,"2025-10-03T10:28:59.000Z",666,,777,,,"DM26PBV-AMZ","DM26PBV-AMZ",,"SPECTRUM DM26PBV BLOWER VAC - AMAZON FULFILLED","SPECTRUM DM26PBV BLOWER VAC - AMAZON FULFILLED",44.8,44.8,,,"GBP",,,,,,"GBP",124.96,"4012","Active",,"26",,0,0,31,0,1388.8,3873.76,,,,,,,"C-DM26PBV-AMZ",,,,,,,,,,,,,,,
69943,6,"2025-10-03T10:28:59.000Z",666,,777,,,"SP45203","SP45203",,"Spectrum SP45203 48"" Towed Steel Lawn Roller""","Spectrum SP45203 48"" Towed Steel Lawn Roller""",81.2,86.41,,,"GBP",,,,,,"GBP",499.95,"4025","Active",,"26",,0,0,15,1,1218,7499.25,,,,,,,"C-SP45203",,,,,,,,,,,,,,,
69944,6,"2025-10-03T10:28:59.000Z",666,,777,,,"TG561-SWT","TG561-SWT",,"SPECTRUM TG561-SWT SELF PROPELLED WHEELED TRIMMER","SPECTRUM TG561-SWT SELF PROPELLED WHEELED TRIMMER",123.74,123.74,,,"GBP",,,,,,"GBP",333.29,"4025","Active",,"26",,0,0,77,1,9527.98,25663.33,,,,,,,"C-TG561-SWT",,,,,,,,,,,,,,,
69946,6,"2025-10-03T10:28:59.000Z",666,,777,,,"TG50-UTILITY-AMZ","TG50-UTILITY-AMZ",,"SPECTRUM TG50-UTILITY - AMAZON FULFILLED","SPECTRUM TG50-UTILITY - AMAZON FULFILLED",79.41,79.41,,,"GBP",,,,,,"GBP",208.29,"4010","Active",,"26",,0,0,27,0,2144.07,5623.83,,,,,,,"C-TG50-UTILITY-AMZ",,,,,,,,,,,,,,,